Filename English,modal_name,Modal name agreement (%),H value,DKO (%),DKN (%),TOT (%),Modal category,Category agreement (%),Hcat,Familiarity,Visual complexity,Object agreement,Viewpoint agreement,NMI,Manipulability,Living/non-living,modal_name_clean
50dollarsbill.jpg,50$ bill,0.3684210526315789,2.7911718104484082,0,0,0,Jewel,0.8461538461538461,0.8438664896060322,4.461538461538462,2.948717948717949,4.28125,4.181818181818182,1,1.696969696969697,NL,50$ bill
alarmclock.jpg,Alarm clock,0.4444444444444444,2.4166079048099856,0.05128205128205128,0.02564102564102564,0,Electronic,0.8648648648648649,0.863790149747272,4.378378378378378,3.0789473684210527,3.121212121212121,3.727272727272727,0,2.090909090909091,NL,Alarm clock
antenna.jpg,Antenna,0.7419354838709677,1.3399406655703816,0.10256410256410256,0.05128205128205128,0.05128205128205128,Electronic,0.8285714285714286,1.1167000853965077,3.2432432432432434,3.0526315789473686,3,3.6363636363636362,0,1.9393939393939394,NL,Antenna
ashtray01.jpg,Ashtray *,0.918918918918919,0.5344875115070162,0,0.05128205128205128,0,Other,0.4444444444444444,1.8630104105299066,3.918918918918919,2.6315789473684212,4.121212121212121,4.454545454545454,0,3.242424242424242,NL,Ashtray
axe.jpg,Axe *,0.7647058823529411,1.4341854097306803,0.02564102564102564,0.07692307692307693,0.02564102564102564,Tool,0.7692307692307693,1.2727837550899965,3.717948717948718,2.3846153846153846,4.151515151515151,3.606060606060606,0,3.9696969696969697,NL,Axe
babybottle.jpg,Baby bottle,0.2903225806451613,2.8838476178906154,0,0.20512820512820512,0,Kitchen item,0.6666666666666666,1.3905783305058885,3.5641025641025643,2.4615384615384617,3.8214285714285716,3.8666666666666667,4,2.3333333333333335,NL,Baby bottle
babyseat.jpg,Baby seat,0.3142857142857143,3.370325222392473,0.02564102564102564,0.05128205128205128,0.02564102564102564,Other,0.40625,2.4853048652364227,3.2972972972972974,2.3513513513513513,3.03125,3.65625,0,2.25,NL,Baby seat
backpack01a.jpg,Backpack,0.7692307692307693,1.3376687478258629,0,0,0,Sport,0.47368421052631576,1.6068322783181095,4.666666666666667,3.3846153846153846,4.09375,3.34375,1,3.28125,NL,Backpack
bag.jpg,Bag,0.3684210526315789,3.0590519373979617,0,0.02564102564102564,0,Other,0.4594594594594595,1.8732788591448477,3.7567567567567566,2.972972972972973,3.40625,3.032258064516129,0,2.225806451612903,NL,Bag
bagel.jpg,Bagel,0.868421052631579,0.5617526078313281,0,0,0.02564102564102564,Food,0.9743589743589743,0.2075771740639564,4.487179487179487,2.6153846153846154,4.818181818181818,4.606060606060606,0,1.878787878787879,NL,Bagel
ball02.jpg,Ball *,0.8823529411764706,0.6180038597674269,0.07692307692307693,0.05128205128205128,0,Toy,0.6176470588235294,1.6496525930759627,3.388888888888889,1.6486486486486487,3.46875,4.0625,0,3.5,NL,Ball
balloon01b.jpg,Balloon *,0.8717948717948718,0.8501782034132341,0,0,0,Toy,0.5384615384615384,1.8549891326856203,4.435897435897436,1.8974358974358974,4.0625,3.1875,1,3.2903225806451615,NL,Balloon
bandage.jpg,Bandage,0.4230769230769231,2.746261437095948,0.07692307692307693,0.15384615384615385,0.10256410256410256,Medical,0.6666666666666666,1.6816922801269265,3.8378378378378377,2.4324324324324325,3.5757575757575757,3.6666666666666665,0,2.4545454545454546,NL,Bandage
bandaid01.jpg,Band-aid,0.75,1.3501878900165245,0.07894736842105263,0.07894736842105263,0,Medical,0.47058823529411764,1.8090728622445904,3.891891891891892,1.8611111111111112,4,3.6363636363636362,0,3.212121212121212,NL,Band-aid
baseball01a.jpg,Baseball,0.8717948717948718,0.7988961521311829,0,0,0,Sport,0.8974358974358975,0.560279318984369,3.8205128205128207,2.4358974358974357,4.7272727272727275,4.818181818181818,0,3.484848484848485,NL,Baseball
bastingbrush.jpg,Brush,0.36666666666666664,3.4132694187027277,0.07692307692307693,0.1282051282051282,0.02564102564102564,Kitchen item,0.5833333333333334,1.916639948566854,3.4324324324324325,2.027027027027027,2.606060606060606,2.787878787878788,0,3.0303030303030303,NL,Brush
battery02b.jpg,Battery,0.9473684210526315,0.350103827866658,0,0,0,Electronic,0.8378378378378378,0.8738811701185576,4.578947368421052,2.1842105263157894,3.727272727272727,3.484848484848485,0,1.606060606060606,NL,Battery
beermug01a.jpg,Beer mug,0.2564102564102564,3.1411547084663427,0,0,0,Kitchen item,0.8421052631578947,0.7742433029172696,4.3076923076923075,2.6666666666666665,4.545454545454546,4.575757575757576,0,3.46875,NL,Beer mug
belt02a.jpg,Belt *,0.9487179487179487,0.3431003078809371,0,0,0,Cloth,1,0,4.384615384615385,2.0256410256410255,4.3125,4.290322580645161,0,3.84375,NL,Belt
bib.jpg,Bib,0.84375,0.8394734356069649,0,0.08108108108108109,0.05405405405405406,Cloth,0.717948717948718,1.3337172747099444,3.7948717948717947,2.5384615384615383,4.068965517241379,3.966666666666667,4,2.6666666666666665,NL,Bib
bikehelmet.jpg,Helmet,0.5,1.8866071775466908,0,0.02564102564102564,0,Sport,0.9487179487179487,0.3431003078809371,4.128205128205129,2.9743589743589745,4.424242424242424,4.3125,0,2.8484848484848486,NL,Helmet
binder03b.jpg,Binder,0.6842105263157895,1.4620612732838056,0,0,0.02564102564102564,School supply,1,0,4.384615384615385,1.9743589743589745,4,3.34375,0,2.21875,NL,Binder
binoculars01b.jpg,Binoculars,0.9714285714285714,0.18717625687320832,0,0.05128205128205128,0.05128205128205128,Sport,0.6756756756756757,1.5238325855829917,4.0256410256410255,3.4615384615384617,4.757575757575758,4.181818181818182,0,4.363636363636363,NL,Binoculars
birdie.jpg,Birdie,0.375,2.5817475629608078,0.05263157894736842,0.10526315789473684,0,Sport,0.7647058823529411,1.2291137946145025,3.864864864864865,2.7837837837837838,4.59375,3.84375,1,2.6666666666666665,NL,Birdie
bleachbottle.jpg,Bottle,0.2972972972972973,3.7413882220748778,0.02564102564102564,0.02564102564102564,0,Household article,0.8157894736842105,0.9958199970753452,3.891891891891892,1.868421052631579,4.517241379310345,4.428571428571429,4,1.4333333333333333,NL,Bottle
book01b.jpg,Book *,0.8974358974358975,0.6821995113475348,0,0,0,School supply,0.5128205128205128,1.6620861342206048,4.538461538461538,2.2051282051282053,4.181818181818182,2.8484848484848486,0,3.878787878787879,NL,Book
boot02b.jpg,Boot *,0.8205128205128205,1.0802740137340432,0,0,0,Cloth,0.9230769230769231,0.5131637559924214,4.447368421052632,2.289473684210526,3.8484848484848486,3.8125,0,2.8125,NL,Boot
bottlecap.jpg,Bottle cap,0.8571428571428571,0.9233767921376648,0,0.05263157894736842,0.02631578947368421,Other,0.5789473684210527,1.6927634643321547,4.105263157894737,2.1315789473684212,4.333333333333333,3.303030303030303,0,2.5757575757575757,NL,Bottle cap
bottleopener01.jpg,Bottle opener,0.6857142857142857,1.5380427471245517,0.02564102564102564,0.07692307692307693,0,Kitchen item,0.7222222222222222,1.380029036240847,3.9705882352941178,2.342857142857143,2.787878787878788,2.8181818181818183,0,3.212121212121212,NL,Bottle opener
bow02b.jpg,Bow,0.45454545454545453,2.3971745303799312,0,0.10526315789473684,0.02631578947368421,Decoration,0.7435897435897436,1.4420345256192952,4.205128205128205,2.8974358974358974,3.806451612903226,4.137931034482759,1,1.9333333333333333,NL,Bow
bowl01.jpg,Bowl,0.6666666666666666,1.5976823946031404,0,0,0,Kitchen item,0.9230769230769231,0.46188170471037016,4.410256410256411,2.1025641025641026,3.8181818181818183,4.090909090909091,0,1.7878787878787878,NL,Bowl
box01.jpg,Box *,0.48717948717948717,2.037074239209294,0,0,0,Decoration,0.6842105263157895,1.591244020489677,3.7435897435897436,2.4871794871794872,2.878787878787879,3.393939393939394,0,2.6666666666666665,NL,Box
boxcutter03a.jpg,Exacto knife,0.40625,2.2353048652364222,0,0.13157894736842105,0.02631578947368421,Tool,0.8648648648648649,0.6689128250884093,4.243243243243243,2.945945945945946,4.0344827586206895,3.7241379310344827,4,2.7586206896551726,NL,Exacto knife
bracelet01.jpg,Bracelet,0.6176470588235294,2.0804432565928694,0.02564102564102564,0.05128205128205128,0.05128205128205128,Jewel,0.5263157894736842,2.1119375699975906,3.4473684210526314,2.210526315789474,2.8181818181818183,3.5454545454545454,0,2.9393939393939394,NL,Bracelet
bracket01.jpg,Bracket,0.2777777777777778,3.4138338639736006,0.05128205128205128,0.4358974358974359,0.05128205128205128,Tool,0.5135135135135135,1.3326649224764204,3.3421052631578947,2.0277777777777777,3.310344827586207,3.1724137931034484,3,1.4827586206896552,NL,Bracket
bread.jpg,Bread *,0.5,1.5817701005605351,0,0.02564102564102564,0,Food,0.9473684210526315,0.38548453695628504,4.461538461538462,2.4358974358974357,3.1515151515151514,3.6363636363636362,0,1.9090909090909092,NL,Bread
brick.jpg,Brick,1,0,0,0.05128205128205128,0,Building material,0.5789473684210527,1.52492868964325,3.641025641025641,2.2051282051282053,3.8181818181818183,4.121212121212121,0,1.7575757575757576,NL,Brick
brooch.jpg,Brooch,0.5161290322580645,2.2571111337921392,0.07692307692307693,0.07692307692307693,0.02564102564102564,Decoration/Jewel,0.4857142857142857,1.507892320641787,3,3.58974358974359,3.1515151515151514,3.606060606060606,0,2.121212121212121,NL,Brooch
broom.jpg,Broom *,0.9444444444444444,0.36509898470588065,0,0.05128205128205128,0.02564102564102564,Household article,0.717948717948718,1.4875634285560984,4.256410256410256,2.289473684210526,4.5,3.03125,1,3.90625,NL,Broom
bubbleblower.jpg,Bubbles,0.22580645161290322,3.5586761513920346,0.02631578947368421,0.10526315789473684,0.05263157894736842,Toy,0.8157894736842105,0.7923429510862291,3.789473684210526,2.4054054054054053,3.6666666666666665,4.333333333333333,0,3.8484848484848486,NL,Bubbles
bucket01a.jpg,Bucket,0.5833333333333334,1.759703032238568,0,0,0.02702702702702703,Household article,0.7435897435897436,1.2788415005782625,3.948717948717949,2.0256410256410255,3.6666666666666665,3.606060606060606,0,2.4545454545454546,NL,Bucket
bungeecord02.jpg,Bungee cord,0.4782608695652174,2.7820946601870014,0.02564102564102564,0.20512820512820512,0.1794871794871795,Tool,0.34210526315789475,1.9314145311293238,3.6315789473684212,2.263157894736842,3.96875,3.8125,0,2.59375,NL,Bungee cord
butterdish.jpg,Butter dish,0.5185185185185185,2.6325553203558223,0.07692307692307693,0.23076923076923078,0,Kitchen item,0.8285714285714286,0.9898130495535494,3.5428571428571427,2.142857142857143,3.272727272727273,3.8181818181818183,0,1.606060606060606,NL,Butter dish
button01.jpg,Button *,1,0,0,0,0.07692307692307693,Cloth,0.5384615384615384,1.7394428936477806,4.410256410256411,1.6153846153846154,3.9696969696969697,3.9696969696969697,0,2.6363636363636362,NL,Button
cable01.jpg,Cable,0.2777777777777778,3.7204580717927542,0.02564102564102564,0.05128205128205128,0,Electronic,1,0.20878106395249305,3.8205128205128207,2.4358974358974357,3.4375,3.4375,1,1.7419354838709677,NL,Cable
calculator01.jpg,Calculator,1,0,0,0,0,School supply,0.7435897435897436,0.9221496271298935,4.333333333333333,3.128205128205128,4.090909090909091,3.0303030303030303,0,3.0303030303030303,NL,Calculator
camera01a.jpg,Camera,0.8205128205128205,0.9264278598878894,0,0,0,Electronic,0.6578947368421053,1.4559168622760033,4.512820512820513,3.4358974358974357,3.8484848484848486,4.03030303030303,0,4.454545454545454,NL,Camera
cameracase01a.jpg,Camera case,0.2631578947368421,3.2648157651201313,0,0,0,Other,0.3157894736842105,2.594846451496351,3.5641025641025643,2.5128205128205128,3.4545454545454546,2.65625,0,1.7878787878787878,NL,Camera case
candle01.jpg,Candle *,1,0,0,0.02564102564102564,0,Decoration,0.5,1.7143973670023924,4.2631578947368425,2.1315789473684212,3.9696969696969697,2.6666666666666665,0,2.878787878787879,NL,Candle
candleholder01.jpg,Candle holder,0.5357142857142857,1.62404478108944,0.07894736842105263,0.18421052631578946,0,Decoration,0.7142857142857143,1.390674667044064,3.4864864864864864,2.4864864864864864,3.21875,3.9375,0,2,NL,Candle holder
candy.jpg,Candy,0.9459459459459459,0.3574288901404681,0,0.02564102564102564,0,Food,0.8717948717948718,0.798896152131183,4.358974358974359,2.076923076923077,3.878787878787879,3.8181818181818183,0,2.3333333333333335,NL,Candy
cane.jpg,Cane,0.7142857142857143,1.3119635955536793,0,0.07692307692307693,0.02564102564102564,Medical,0.5277777777777778,1.6774202024400344,3.4615384615384617,2.282051282051282,3.90625,3.033333333333333,1,3.689655172413793,NL,Cane
cap01a.jpg,Cap *,0.4864864864864865,2.122428784961604,0,0,0,Cloth,0.9210526315789473,0.4709563136258531,4.378378378378378,2.6216216216216215,3.5454545454545454,4.03030303030303,0,3.4242424242424243,NL,Cap
carkeys.jpg,Car keys,0.6578947368421053,1.7319754147937154,0,0,0,Other,0.5,1.9825635643428061,4.153846153846154,2.4358974358974357,3.9393939393939394,3.8181818181818183,0,3.1515151515151514,NL,Car keys
cassettetape01a.jpg,Cassette tape,0.35135135135135137,2.3921876640741524,0,0,0.02631578947368421,Electronic,0.8157894736842105,0.9200996082513171,4.2894736842105265,2.8421052631578947,4.575757575757576,3.606060606060606,0,2.34375,NL,Cassette tape
caulking.jpg,Caulking,0.4583333333333333,2.7493896755123957,0.10256410256410256,0.28205128205128205,0,Tool,0.6944444444444444,1.1462779945942128,3.324324324324324,2.2972972972972974,4.09375,4.09375,1,1.90625,NL,Caulking
CD.jpg,CD,0.9230769230769231,0.5131637559924214,0,0,0,Electronic,0.8461538461538461,0.9447508799170625,4.7105263157894735,2.6578947368421053,4.34375,4.15625,0,2.5,NL,CD
cell phone.jpg,Cell phone,0.8461538461538461,0.9657866819691978,0,0,0,Electronic,0.9210526315789473,0.570459551855934,4.384615384615385,3.3157894736842106,4.03030303030303,3.757575757575758,0,3.9393939393939394,NL,Cell phone
chain.jpg,Chain *,0.9473684210526315,0.2974722489192896,0,0.02564102564102564,0,Other,0.4358974358974359,2.5189088789180825,3.4871794871794872,2.1538461538461537,3.9393939393939394,3.6875,0,2.242424242424242,NL,Chain
chair.jpg,Chair *,0.5128205128205128,1.9221299662738431,0,0,0,Furniture,0.6578947368421053,1.679343835846347,4.512820512820513,2.4615384615384617,3.121212121212121,3.9696969696969697,0,3.696969696969697,NL,Chair
chalk.jpg,Chalk,1,0,0.1282051282051282,0.05128205128205128,0,School supply,0.8787878787878788,0.7146532448524052,3.6578947368421053,1.6578947368421053,4.3125,3.9393939393939394,0,2.5757575757575757,NL,Chalk
chalkboard.jpg,Chalkboard,0.3548387096774194,2.3970018344551365,0.05263157894736842,0.13157894736842105,0,School supply,0.5833333333333334,1.7988671859668202,3.4473684210526314,1.894736842105263,3.696969696969697,3.242424242424242,0,2.212121212121212,NL,Chalkboard
chalkboarderaser.jpg,Eraser,0.24324324324324326,3.1229571635738713,0.05128205128205128,0,0,School supply,0.6944444444444444,1.5351668834831016,3.973684210526316,2.324324324324324,4.28125,3.25,1,3.28125,NL,Eraser
champagne.jpg,Champagne,0.41025641025641024,2.2310582322272805,0,0,0,Food,0.6923076923076923,1.4090653013852523,4.256410256410256,2.6666666666666665,4.393939393939394,4.515151515151516,0,3.242424242424242,NL,Champagne
cheese.jpg,Cheese,0.717948717948718,1.4362813772740468,0,0,0,Food,1,0.03746167024056628,4.435897435897436,2.6666666666666665,4.03030303030303,3.8484848484848486,0,1.4516129032258065,NL,Cheese
chessboard.jpg,Chess board,0.34210526315789475,2.0192751672902887,0,0,0,Toy,0.9487179487179487,0.4111532437135734,4.153846153846154,3.769230769230769,4.363636363636363,4.484848484848484,0,2.8181818181818183,NL,Chess board
chisel02b.jpg,Chisel *,0.5294117647058824,1.9386790169573507,0.07894736842105263,0.47368421052631576,0,Tool,0.8571428571428571,0.8662339349948076,3.108108108108108,2.081081081081081,3.933333333333333,3.8,3,2.7,NL,Chisel
christmasball.jpg,Christmas ball,0.37037037037037035,2.5480797641829542,0,0.125,0.03125,Decoration,0.8461538461538461,0.8712768327156424,4.051282051282051,2.358974358974359,4.419354838709677,4.225806451612903,2,2.2580645161290325,NL,Christmas ball
cigarette.jpg,Cigarette *,0.9487179487179487,0.2918182565988859,0,0,0,Other,0.8157894736842105,1.0285861154394644,4.102564102564102,2,4.484848484848484,3.8181818181818183,0,4.242424242424242,NL,Cigarette
circuitboard.jpg,Motherboard,0.2571428571428571,3.6395982887330325,0,0.05263157894736842,0.02631578947368421,Electronic,0.8421052631578947,0.9925966477819347,3.358974358974359,4.128205128205129,3.7666666666666666,3.870967741935484,3,1.5806451612903225,NL,Motherboard
clamp.jpg,Clamp,0.3157894736842105,2.465069461815837,0.02857142857142857,0.4,0.02857142857142857,Tool,0.8484848484848485,0.904820246097456,3,2.5454545454545454,3.064516129032258,3.0625,1,2.09375,NL,Clamp
clipboard.jpg,Clipboard,0.7931034482758621,1.2703284092892515,0,0.23076923076923078,0.02564102564102564,School supply,0.9230769230769231,0.5131637559924214,4.076923076923077,2.0789473684210527,4.2727272727272725,3.787878787878788,0,2.1818181818181817,NL,Clipboard
clock01a.jpg,Clock *,0.9230769230769231,0.46188170471037016,0,0,0,Decoration,0.3333333333333333,2.245252575338885,4.461538461538462,2.6923076923076925,3.1818181818181817,3.212121212121212,0,3.090909090909091,NL,Clock
clothespin03b.jpg,Clothes pin *,0.7241379310344828,1.4444101889028331,0.02564102564102564,0.10256410256410256,0.1282051282051282,Household article,0.5675675675675675,1.945453611809091,4.2631578947368425,2.263157894736842,4.34375,3,0,2.5757575757575757,NL,Clothes pin
coffeepot03a.jpg,Coffee pot,0.5,2.788308822454333,0,0.02564102564102564,0,Kitchen item,0.8717948717948718,0.798896152131183,4.17948717948718,2.3421052631578947,4.121212121212121,4.25,0,2.1818181818181817,NL,Coffee pot
coins01b.jpg,Coins,0.6153846153846154,1.2304069277560443,0,0,0,Jewel,0.7948717948717948,0.8142416330883426,4.717948717948718,2.230769230769231,4.333333333333333,4.181818181818182,0,2.606060606060606,NL,Coins
comb02a.jpg,Comb *,0.8717948717948718,0.7282580110500685,0,0,0,Bathroom items,0.8974358974358975,0.5927348772330878,4.384615384615385,1.8974358974358974,3.6666666666666665,2.9393939393939394,0,4.090909090909091,NL,Comb
compactpowder.jpg,Compact,0.2647058823529412,3.2549992376092174,0,0.10526315789473684,0,Bathroom items,0.9210526315789473,0.570459551855934,3.8947368421052633,2.236842105263158,4.225806451612903,3.7096774193548385,2,3.21875,NL,Compact
computermouse06.jpg,Mouse,0.8461538461538461,0.6193821946787638,0,0,0,Electronic,0.8717948717948718,0.9174964049211058,4.769230769230769,2.58974358974359,4.666666666666667,3.909090909090909,0,3.1875,NL,Mouse
condom.jpg,Condom,1,0,0,0,0,Bathroom items,0.40540540540540543,2.1527770192802738,4.076923076923077,2.1538461538461537,4.03030303030303,3.878787878787879,0,3.393939393939394,NL,Condom
cookie.jpg,Cookie,0.8157894736842105,0.9958199970753451,0.02564102564102564,0,0,Food,0.9487179487179487,0.3776406221754407,4.410256410256411,1.8717948717948718,3.9393939393939394,4.121212121212121,0,2.0303030303030303,NL,Cookie
cookiecutter.jpg,Cookie cutter,0.7096774193548387,1.7249222584507282,0.02564102564102564,0.15384615384615385,0.02564102564102564,Kitchen item,0.9736842105263158,0.21200047224972154,3.717948717948718,1.9743589743589745,3.9393939393939394,3.8484848484848486,0,2.0303030303030303,NL,Cookie cutter
cooler.jpg,Cooler,0.631578947368421,2.0363722498302237,0,0.02564102564102564,0,Sport,0.5789473684210527,1.7607204722176055,4,2.0256410256410255,4.151515151515151,4.125,0,2.25,NL,Cooler
corkscrew03a.jpg,Corkscrew,0.6774193548387096,1.6561748304399728,0,0.1282051282051282,0.07692307692307693,Kitchen item,0.8974358974358975,0.6821995113475348,3.948717948717949,2.358974358974359,4.125,3.96875,1,3.303030303030303,NL,Corkscrew
cottonpad.jpg,Cotton pad,0.3103448275862069,3.503352977363977,0.10256410256410256,0.1282051282051282,0.02564102564102564,Bathroom items,0.8235294117647058,0.9140471542357508,3.735294117647059,2.264705882352941,3.7419354838709675,3.65625,2,1.84375,NL,Cotton pad
cracker02.jpg,Cracker,0.717948717948718,1.363082583113192,0,0,0,Food,0.9743589743589743,0.17203694935311384,4.384615384615385,2.1794871794871793,4.424242424242424,4.090909090909091,0,1.878787878787879,NL,Cracker
crayon.jpg,Crayon,0.8205128205128205,1.1315560650160943,0,0,0,School supply,0.7692307692307693,0.8954863760864646,4.102564102564102,1.9230769230769231,4.125,3.8125,0,2.25,NL,Crayon
croissant.jpg,Croissant,0.8918918918918919,0.7103991510660049,0,0,0.05128205128205128,Food,0.9743589743589743,0.2075771740639564,4.512820512820513,2.871794871794872,4.303030303030303,4.03030303030303,0,1.7272727272727273,NL,Croissant
crumpledpaper.jpg,Paper,0.4864864864864865,2.3016702564683436,0.02631578947368421,0,0,School supply,0.6578947368421053,1.5611800201707402,3.9743589743589745,2.58974358974359,4.03030303030303,4.03030303030303,0,2.65625,NL,Paper
cup01.jpg,Cup *,0.6153846153846154,1.5095462966524695,0,0,0,Kitchen item,0.9487179487179487,0.3776406221754407,4.631578947368421,1.837837837837838,3.6363636363636362,4.454545454545454,0,3.272727272727273,NL,Cup
cuttingboard.jpg,Cutting board,0.48,2.9230741894285694,0.13157894736842105,0.21052631578947367,0,Kitchen item,0.7666666666666667,1.1397443887542167,3.5588235294117645,2.0606060606060606,3.4545454545454546,3.727272727272727,0,2.3636363636363638,NL,Cutting board
dentalfloss03b.jpg,Dental floss,0.5,2.162204696585777,0,0.05128205128205128,0.02564102564102564,Bathroom items,0.7631578947368421,1.4879849454093532,4.153846153846154,2.3333333333333335,3.878787878787879,3.5454545454545454,0,3.878787878787879,NL,Dental floss
deodorant02a.jpg,Deodorant,0.8648648648648649,0.8310749872505714,0,0.02631578947368421,0,Bathroom items,0.8205128205128205,0.8688014363080618,4.54054054054054,2.135135135135135,3.65625,3.9375,0,4,NL,Deodorant
diaper01c.jpg,Diaper,0.7837837837837838,1.347792585664096,0.02564102564102564,0.02564102564102564,0,Other,0.42105263157894735,1.6728936595601285,3.5641025641025643,2.41025641025641,3.8125,3.53125,1,2.625,NL,Diaper
dice05a.jpg,Dice,0.9722222222222222,0.1831220683013729,0,0.02564102564102564,0.05128205128205128,Toy,0.9210526315789473,0.5235878925732215,4.487179487179487,2.289473684210526,4.34375,4.21875,1,3.375,NL,Dice
dishsoap.jpg,Dish soap,0.42105263157894735,2.6620153422201533,0,0.02564102564102564,0,Household article,0.8157894736842105,0.7981943390667416,4.435897435897436,2.282051282051282,4.121212121212121,4.242424242424242,0,2.212121212121212,NL,Dish soap
diskette02a.jpg,Floppy disk,0.2972972972972973,2.7519344785888094,0,0,0.02564102564102564,Electronic,0.8421052631578947,0.7923429510862291,4.051282051282051,2.358974358974359,4.090909090909091,3.757575757575758,0,2.0303030303030303,NL,Floppy disk
divider02.jpg,Divider,0.28125,3.6001878900165245,0.02564102564102564,0.1282051282051282,0.02564102564102564,School supply,0.9473684210526315,0.350103827866658,4.3076923076923075,1.6486486486486487,3.967741935483871,3.5161290322580645,0,1.5483870967741935,NL,Divider
doll.jpg,Doll *,0.7777777777777778,1.0765687425596349,0,0.02702702702702703,0,Toy,0.9428571428571428,0.44817868391973614,3.7222222222222223,3,3.1818181818181817,2.4242424242424243,0,2.1515151515151514,NL,Doll
doorlock.jpg,Lock,0.4864864864864865,1.9697970052739402,0,0.05128205128205128,0,Other,0.3783783783783784,2.0224570786661,3.871794871794872,2.6923076923076925,2.71875,2.75,0,3.0606060606060606,NL,Lock
drill01b.jpg,Drill,0.47058823529411764,2.594672032363178,0,0.10526315789473684,0,Tool,0.7837837837837838,1.293738531610042,3.918918918918919,3.25,4.333333333333333,4.03030303030303,0,3.28125,NL,Drill
drillbit03a.jpg,Drill bit,0.65625,1.8675416913014384,0,0.15384615384615385,0.02564102564102564,Tool,0.8157894736842105,1.1108345428156219,3.282051282051282,2.5384615384615383,4.21875,3.875,1,2.375,NL,Drill bit
dropper.jpg,Dropper,0.72,1.64151018873626,0.07692307692307693,0.23076923076923078,0.05128205128205128,Medical,0.8333333333333334,1.0325420064284916,3.1578947368421053,2.526315789473684,4.121212121212121,3.5625,0,3.0625,NL,Dropper
drum.jpg,Drum *,0.5142857142857142,2.506039087569963,0.02564102564102564,0.05128205128205128,0.02564102564102564,Music,0.7297297297297297,1.361292215401554,3.6052631578947367,3.289473684210526,3.757575757575758,4.363636363636363,0,3.5454545454545454,NL,Drum
dustpan.jpg,Dust pan,0.8214285714285714,0.9217544759335055,0,0.20512820512820512,0.07692307692307693,Household article,0.868421052631579,0.6765345278574656,4.230769230769231,2.051282051282051,4.303030303030303,3.9393939393939394,0,3.393939393939394,NL,Dust pan
earrings01.jpg,Earrings,1,0,0.10810810810810811,0,0,Jewel,0.6764705882352942,1.7110860032657875,4.085714285714285,2.657142857142857,3.28125,3.15625,1,3.625,NL,Earrings
electricrazor.jpg,Electric razor,0.47368421052631576,2.3345029218550364,0,0,0.02564102564102564,Bathroom items,0.5789473684210527,1.1506183167694,3.6923076923076925,3.128205128205128,4.1875,3.0625,0,3.65625,NL,Electric razor
englishmuffin.jpg,English muffin,0.5263157894736842,2.2492870686521598,0,0.02564102564102564,0,Food,0.9736842105263158,0.17556502585750272,4.128205128205129,2.358974358974359,3.8125,4.1875,0,1.8125,NL,English muffin
envelope03a.jpg,Envelope *,1,0,0,0,0,School supply,0.868421052631579,0.7620063045270337,4.605263157894737,1.8157894736842106,4.696969696969697,3.242424242424242,0,3.1818181818181817,NL,Envelope
exercisebench.jpg,Exercise bench,0.26666666666666666,3.4402239289418524,0.05128205128205128,0.15384615384615385,0.02564102564102564,Sport,0.7631578947368421,1.185096129506013,3.3421052631578947,2.6315789473684212,3.8484848484848486,3.5757575757575757,0,2.303030303030303,NL,Exercise bench
extensioncord.jpg,Extension cord,0.43243243243243246,3.080942892597505,0,0.02631578947368421,0,Electronic,0.7894736842105263,1.021307306895506,4.128205128205129,2.358974358974359,4,3.757575757575758,0,2.4545454545454546,NL,Extension cord
eyedrops.jpg,Eye drops,0.22580645161290322,3.7554460052665464,0.1282051282051282,0.07692307692307693,0,Medical,0.48484848484848486,2.1002266024550242,3.25,2.2777777777777777,3.3333333333333335,3.606060606060606,0,2.909090909090909,NL,Eye drops
fan.jpg,Fan,0.8947368421052632,0.695987076535387,0,0,0,Electronic,0.5405405405405406,1.589177384723877,4.230769230769231,3.128205128205128,3.757575757575758,3.5757575757575757,0,2.4242424242424243,NL,Fan
feather03a.jpg,Feather,1,0,0,0.02564102564102564,0.02564102564102564,Natural,0.5128205128205128,1.444458415425364,3.948717948717949,2.4871794871794872,4.121212121212121,3.6666666666666665,0,2.1515151515151514,NL,Feather
filmroll.jpg,Film,0.4594594594594595,2.3441508436225558,0,0,0.05128205128205128,Electronic,0.40540540540540543,2.0154024902605716,4.108108108108108,2.8333333333333335,3.9393939393939394,3.8484848484848486,0,2.090909090909091,NL,Film
fireextinguisher.jpg,Fire extinguisher,0.6666666666666666,1.8290154645093462,0.05128205128205128,0.07692307692307693,0.02564102564102564,Other,0.6216216216216216,1.364448481307647,3.6578947368421053,2.710526315789474,3.787878787878788,4.363636363636363,0,2.9696969696969697,NL,Fire extinguisher
fishinghook03.jpg,Fishing hook,0.5,2.6867786311375927,0.02564102564102564,0.15384615384615385,0.05128205128205128,Sport,0.8918918918918919,0.6902789503416809,3.236842105263158,2.526315789473684,3.4375,3.46875,1,2.71875,NL,Fishing hook
flashlight02b.jpg,Flashlight,0.75,1.225713806085355,0,0.05263157894736842,0,Tool,0.2894736842105263,2.3100229938096057,4.282051282051282,2.6153846153846154,3.878787878787879,4,0,3.0303030303030303,NL,Flashlight
flask.jpg,Flask,0.5555555555555556,2.470106962555903,0,0.05128205128205128,0.02564102564102564,Other,0.35135135135135137,2.469185018305207,3.5526315789473686,2.973684210526316,4.03125,3.96875,1,2.5625,NL,Flask
flyswatter.jpg,Fly swatter,0.9,0.627491843661397,0,0.1794871794871795,0.05128205128205128,Household article,0.631578947368421,1.8162530925512688,3.7567567567567566,1.9210526315789473,4.40625,4.3125,1,3.878787878787879,NL,Fly swatter
folder03a.jpg,Folder,0.4666666666666667,2.796791631981637,0.029411764705882353,0.029411764705882353,0.058823529411764705,School supply,0.8787878787878788,0.5328350630342235,3.911764705882353,2.303030303030303,2.96875,3.1,0,1.6666666666666667,NL,Folder
fonduefork.jpg,Fondue fork,0.25,3.3239348962840563,0,0.3157894736842105,0.05263157894736842,Kitchen item,0.7894736842105263,1.2489378984325583,3.1578947368421053,2.1052631578947367,4.53125,4.090909090909091,1,2,NL,Fondue fork
foodprocessor.jpg,Blender,0.4,2.5889227488523012,0,0.02702702702702703,0.02702702702702703,Kitchen item,0.8947368421052632,0.5708584580574011,3.763157894736842,3.3947368421052633,3.212121212121212,3.9393939393939394,0,2.40625,NL,Blender
fork03c.jpg,Fork *,0.972972972972973,0.1792560669283214,0,0,0,Kitchen item,0.9743589743589743,0.17203694935311384,4.615384615384615,2.1538461538461537,4.090909090909091,4.0606060606060606,0,3.4545454545454546,NL,Fork
fountainpen.jpg,Pen,0.37142857142857144,2.106113057080747,0.02631578947368421,0.02631578947368421,0.02631578947368421,School supply,0.8918918918918919,0.46274093057795385,3.7567567567567566,2.210526315789474,4.129032258064516,3.4193548387096775,2,2.2903225806451615,NL,Pen
fryingpan02a.jpg,Frying pan *,0.5789473684210527,1.6121053183111957,0,0,0,Kitchen item,0.9743589743589743,0.2075771740639564,4.410256410256411,2.4615384615384617,4.303030303030303,3.9696969696969697,0,2.875,NL,Frying pan
gamepiece.jpg,Game piece,0.21739130434782608,3.7579254136901956,0.18421052631578946,0.18421052631578946,0.02631578947368421,Toy,0.8064516129032258,1.0557675282406949,3.0588235294117645,1.7352941176470589,3.206896551724138,3.6,4,2.1,NL,Game piece
garlicpress02a.jpg,Garlic press,0.5714285714285714,2.06610893983748,0.05128205128205128,0.1794871794871795,0.05128205128205128,Kitchen item,0.972972972972973,0.1792560669283214,3.7837837837837838,2.6944444444444446,3.935483870967742,3.21875,2,1.96875,NL,Garlic press
giftbag01a.jpg,Gift bag,0.39473684210526316,2.0403598437259,0,0,0,Decoration,0.47368421052631576,2.091449528786111,4.230769230769231,1.9230769230769231,3.90625,4.25,0,1.8125,NL,Gift bag
glass02a.jpg,Plastic cup,0.2702702702702703,2.42653750317684,0,0,0,Kitchen item,0.7692307692307693,1.2131879023829566,4.564102564102564,1.8461538461538463,3.5454545454545454,3.757575757575758,0,2.21875,NL,Plastic cup
glasses01a.jpg,Glasses *,0.717948717948718,1.1024467616675373,0,0,0,Other,0.4864864864864865,1.777363318019586,4.333333333333333,2.8055555555555554,4.0606060606060606,2.8484848484848486,0,3.909090909090909,NL,Glasses
glassmop.jpg,Mop,0.6666666666666666,2.0021722231837633,0,0.05263157894736842,0,Household article,0.717948717948718,1.6335495963125208,4.153846153846154,2.2564102564102564,4,3.090909090909091,0,4.0606060606060606,NL,Mop
globe.jpg,Globe,0.8947368421052632,0.695987076535387,0,0,0.02564102564102564,School supply,0.6052631578947368,1.8161787511827545,4.051282051282051,3.2564102564102564,4.5625,4.21875,0,2.193548387096774,NL,Globe
gluestick.jpg,Glue stick,0.5789473684210527,1.664736897258564,0,0.02564102564102564,0,School supply,0.9230769230769231,0.46188170471037016,4.051282051282051,2.1538461538461537,4.121212121212121,3.3225806451612905,0,2.5161290322580645,NL,Glue stick
gluetube.jpg,Glue,0.375,2.8929399385868573,0.10256410256410256,0.07692307692307693,0,Tool,0.375,2.1876962981346573,3.1944444444444446,2.27027027027027,3.121212121212121,2.9696969696969697,0,2.393939393939394,NL,Glue
grater01a.jpg,Grater,0.5172413793103449,1.1783577099564695,0,0.21621621621621623,0,Kitchen item,0.8717948717948718,0.968778456203157,4.333333333333333,2.6923076923076925,4.393939393939394,3.1818181818181817,0,3.303030303030303,NL,Grater
gum.jpg,Gum,0.4358974358974359,2.990867134214664,0,0,0,Food,0.6410256410256411,1.279367084713896,4.076923076923077,2.282051282051282,3.15625,3.28125,0,2.9375,NL,Gum
hairband.jpg,Hair band,0.5172413793103449,1.9406237905024766,0,0.23076923076923078,0.02564102564102564,Bathroom items,0.32432432432432434,2.095930136546844,3.8378378378378377,2.4594594594594597,3.393939393939394,3.0303030303030303,0,2.696969696969697,NL,Hair band
hairclip02.jpg,Hairclip,0.696969696969697,1.3610092710663857,0.02631578947368421,0.07894736842105263,0.02631578947368421,Bathroom items,0.3142857142857143,2.588582639565334,3.763157894736842,2.710526315789474,2.878787878787879,2.6363636363636362,0,2.696969696969697,NL,Hairclip
hairclip03.jpg,Hair clip,0.6764705882352942,1.6744650474470657,0.02702702702702703,0.02702702702702703,0.02702702702702703,Bathroom items,0.3783783783783784,2.142958229503555,3.972972972972973,2.4324324324324325,3.515151515151515,3.787878787878788,0,3.0606060606060606,NL,Hair clip
hairclipper.jpg,Hair clipper,0.21875,3.276210641914682,0.07692307692307693,0.10256410256410256,0,Bathroom items,0.6388888888888888,1.502093751739221,3.4054054054054053,3,3.65625,3.09375,1,3.625,NL,Hair clipper
hairdryer02a.jpg,Hair dryer,0.6756756756756757,1.4120810223604412,0,0.05128205128205128,0,Bathroom items,0.631578947368421,1.4961268547517814,4.157894736842105,2.9210526315789473,3.8181818181818183,3.3333333333333335,0,4.03030303030303,NL,Hair dryer
hairpin.jpg,Hair pin,0.43243243243243246,1.9780068032144307,0.02564102564102564,0.02564102564102564,0,Bathroom items,0.7435897435897436,1.3954623599314375,4.205128205128205,1.4871794871794872,4.741935483870968,3.903225806451613,2,3.129032258064516,NL,Hair pin
hammer01.jpg,Hammer *,1,0,0,0.02564102564102564,0,Tool,0.8974358974358975,0.7762687148472034,4.153846153846154,2.1538461538461537,4.424242424242424,4.212121212121212,0,3.8181818181818183,NL,Hammer
hanger02a.jpg,Hanger *,0.7837837837837838,0.9826635314930977,0,0.02564102564102564,0.02564102564102564,Household article,0.5263157894736842,1.824505241018573,4.513513513513513,1.8333333333333333,4.242424242424242,3.242424242424242,0,2.9393939393939394,NL,Hanger
hat03b.jpg,Hat *,0.717948717948718,1.4337207241943066,0,0,0,Cloth,0.8205128205128205,0.8688014363080618,4.026315789473684,2.763157894736842,2.9393939393939394,3.909090909090909,0,3.4545454545454546,NL,Hat
headphones02b.jpg,Headphones,0.7105263157894737,1.386177762522166,0,0,0.02564102564102564,Electronic,0.7297297297297297,1.3576881906120304,4.435897435897436,2.871794871794872,4.242424242424242,3.121212121212121,0,3.6363636363636362,NL,Headphones
highheelshoe01.jpg,Shoe,0.5263157894736842,2.080698332953036,0,0,0,Cloth,0.9444444444444444,0.4729844284889769,4.368421052631579,2.9473684210526314,3.484848484848485,3.696969696969697,0,3.090909090909091,NL,Shoe
highlighter02b.jpg,Marker,0.5641025641025641,1.8667669224803463,0,0,0,School supply,1,0,4.0256410256410255,1.9743589743589745,3.757575757575758,3.5454545454545454,0,2.3333333333333335,NL,Marker
hinge.jpg,Hinge,0.6296296296296297,1.8109294169317731,0.02631578947368421,0.15789473684210525,0.10526315789473684,Tool,0.5263157894736842,1.3247656787659148,3.4210526315789473,2.473684210526316,4.516129032258065,4.193548387096774,2,1.935483870967742,NL,Hinge
holepunch02.jpg,Hole punch,0.5517241379310345,2.306256857196538,0,0.20512820512820512,0.05128205128205128,School supply,0.7948717948717948,1.1093640690967257,3.8684210526315788,2.6666666666666665,4,3.757575757575758,0,2.9393939393939394,NL,Hole punch
holepunch04.jpg,Hole puncher,0.2857142857142857,2.965037132320553,0.02564102564102564,0.05128205128205128,0.05128205128205128,School supply,0.8918918918918919,0.6563450970119509,3.8421052631578947,2.5277777777777777,3.933333333333333,3.7096774193548385,2,2.6129032258064515,NL,Hole puncher
horsefigurine.jpg,Horse,0.2571428571428571,3.699594445021886,0,0.027777777777777776,0,Decoration,0.7948717948717948,1.1742490618325918,3.282051282051282,2.58974358974359,3.6363636363636362,3.757575757575758,0,1.5757575757575757,NL,Horse
hosenozzle.jpg,Hose nozzle,0.46153846153846156,2.6800810637956753,0.05128205128205128,0.2564102564102564,0.02564102564102564,Tool,0.6176470588235294,1.776118692538485,3.324324324324324,2.4054054054054053,3.586206896551724,3.413793103448276,3,2.0344827586206895,NL,Hose nozzle
hourglass.jpg,Hourglass,0.40625,2.488425661177356,0,0.05405405405405406,0.08108108108108109,Kitchen item,0.2564102564102564,2.3579502754211736,3.769230769230769,2.769230769230769,3.8484848484848486,4.303030303030303,0,2.3333333333333335,NL,Hourglass
icecreamcone01a.jpg,Ice cream cone,0.631578947368421,1.6153196182512763,0,0.02564102564102564,0,Food,0.9487179487179487,0.3776406221754407,4.205128205128205,2.128205128205128,4.151515151515151,4.363636363636363,0,2.5757575757575757,NL,Ice cream cone
icecubetray01a.jpg,Ice cube tray,0.5526315789473685,2.3598106481098773,0,0,0,Kitchen item,0.868421052631579,0.6567431466322967,4.368421052631579,2.1578947368421053,4.363636363636363,3.8484848484848486,0,2.121212121212121,NL,Ice cube tray
icepack.jpg,Ice pack,0.7352941176470589,1.4375685840630414,0,0.10256410256410256,0.02564102564102564,Household article,0.3157894736842105,2.2394742153618035,3.717948717948718,2.4871794871794872,3.806451612903226,3.5161290322580645,2,1.5161290322580645,NL,Ice pack
iceskate.jpg,Skate,0.5,2.2421275723973997,0,0.02564102564102564,0,Sport,0.7948717948717948,0.9776613190816137,3.972972972972973,2.972972972972973,4.363636363636363,3.696969696969697,0,3.0606060606060606,NL,Skate
iron01b.jpg,Iron *,0.9230769230769231,0.46188170471037016,0,0,0,Household article,0.631578947368421,1.7494712777288983,4.358974358974359,3.0256410256410255,4.2727272727272725,3.515151515151515,0,3.9393939393939394,NL,Iron
jar03.jpg,Jar,0.34210526315789475,2.802812996522324,0,0.02564102564102564,0,Kitchen item,0.5897435897435898,1.8183293400764748,3.948717948717949,2.1025641025641026,4.133333333333334,3.935483870967742,3,1.8,NL,Jar
jewelrybox01b.jpg,Jewelry box,0.39473684210526316,2.296167467562928,0,0.02564102564102564,0,Decoration,0.6486486486486487,1.5947051685978129,3.6923076923076925,2.8421052631578947,3.121212121212121,3.090909090909091,0,2.1818181818181817,NL,Jewelry box
kettle01.jpg,Kettle *,0.6842105263157895,1.5485601279628305,0,0,0.02564102564102564,Kitchen item,0.8205128205128205,1.1186731369333924,4.205128205128205,2.230769230769231,3.6363636363636362,4.454545454545454,0,3.121212121212121,NL,Kettle
key01.jpg,Key *,0.9743589743589743,0.17203694935311384,0,0,0,Other,0.5789473684210527,1.490341494752759,4.589743589743589,2.41025641025641,4.515151515151516,3.606060606060606,0,3.84375,NL,Key
keyboard02.jpg,Keyboard,0.8947368421052632,0.695987076535387,0,0,0.02564102564102564,Electronic,0.972972972972973,0.28801104033933334,4.6923076923076925,3.1025641025641026,4.151515151515151,4.121212121212121,0,4.03030303030303,NL,Keyboard
keychain.jpg,Key chain,0.5,1.8656800145954557,0,0.10526315789473684,0,Other,0.6111111111111112,1.8631729345778043,4,2.1578947368421053,3.15625,3.40625,0,2.40625,NL,Key chain
kitchenscale01a.jpg,Scale,0.47368421052631576,2.390863696857044,0,0.02564102564102564,0,Kitchen item,0.7631578947368421,1.0995287930101614,3.8461538461538463,2.769230769230769,4,3.3548387096774195,1,1.7741935483870968,NL,Scale
kleenexbox01b.jpg,Kleenex box,0.2631578947368421,2.5306016985440754,0,0,0,Bathroom items,0.5945945945945946,1.606292582503288,4.684210526315789,2.3947368421052633,4.65625,4.65625,1,3.125,NL,Kleenex box
knife01.jpg,Knife,0.6388888888888888,2.0366802100124572,0.02564102564102564,0.05128205128205128,0,Kitchen item,0.8947368421052632,0.6360658679422528,3.763157894736842,2.0526315789473686,3.2903225806451615,3.5517241379310347,0,2.793103448275862,NL,Knife
ladle02a.jpg,Ladle,0.5714285714285714,2.134909020535037,0,0.07692307692307693,0.02564102564102564,Kitchen item,0.9736842105263158,0.21200047224972154,4.157894736842105,1.9487179487179487,4.125,3.46875,0,2.9375,NL,Ladle
lamp04a.jpg,Lamp *,0.9210526315789473,0.4709563136258531,0,0,0,Furniture,0.3684210526315789,2.059325158445052,4.5,2.6315789473684212,3.5454545454545454,4.0606060606060606,0,2.272727272727273,NL,Lamp
laptop01a.jpg,Laptop,0.7435897435897436,1.2947269275580673,0,0,0,Electronic,0.9473684210526315,0.4197803653015142,4.631578947368421,3.58974358974359,4.2727272727272725,3.4242424242424243,0,3.242424242424242,NL,Laptop
lego03b.jpg,Lego,0.30303030303030304,3.139219410168246,0.05128205128205128,0.10256410256410256,0,Toy,0.918918918918919,0.4804334574529621,3.4473684210526314,2.051282051282051,3.4545454545454546,3.6363636363636362,0,1.8484848484848484,NL,Lego
level03a.jpg,Level,0.7391304347826086,1.5023937690458928,0.1282051282051282,0.20512820512820512,0.07692307692307693,Tool,0.7058823529411765,1.7013043756455852,3.4285714285714284,2.5428571428571427,3.3,2.8,3,2,NL,Level
lifejacket.jpg,Life jacket,0.6756756756756757,1.6933343184838656,0,0.05128205128205128,0,Sport,0.8461538461538461,0.7496318933930416,3.9743589743589745,2.923076923076923,3.757575757575758,3.6666666666666665,0,2.8484848484848486,NL,Life jacket
lightbulb01.jpg,Light bulb *,0.8333333333333334,0.858627282879658,0,0.02564102564102564,0.05128205128205128,Household article,0.40540540540540543,1.911025914979232,4.538461538461538,2.9743589743589745,4.8125,3.875,0,3.1875,NL,Light bulb
lighter01.jpg,Lighter,0.9459459459459459,0.3574288901404681,0,0.02631578947368421,0,Other,0.6842105263157895,1.5710536272331819,4.205128205128205,2.6923076923076925,4.303030303030303,3.9696969696969697,0,3.787878787878788,NL,Lighter
lintbrush.jpg,Lint brush,0.5625,2.3808269522460908,0.05263157894736842,0.10526315789473684,0,Household article,0.4864864864864865,1.827075995778721,3.6052631578947367,2.3684210526315788,4.09375,3.8484848484848486,1,2.606060606060606,NL,Lint brush
lipstick02a.jpg,Lipstick,0.9736842105263158,0.17556502585750272,0.02564102564102564,0,0,Bathroom items,0.8461538461538461,0.8302635481522174,4.078947368421052,2,3.878787878787879,4.090909090909091,0,4.303030303030303,NL,Lipstick
log.jpg,Log,0.358974358974359,2.8423986968149775,0,0,0,Natural,0.5789473684210527,1.774722287366013,3.8974358974358974,2.5641025641025643,3.59375,3.96875,1,2.0625,NL,Log
lunchbox.jpg,Lunch box,0.5135135135135135,2.4980948999569246,0,0.02631578947368421,0,Other,0.3611111111111111,2.7011301050811682,3.4210526315789473,2.1052631578947367,3.090909090909091,3.484848484848485,0,2.0303030303030303,NL,Lunch box
magnifyingglass01b.jpg,Magnifying glass,0.8235294117647058,1.0108176113205478,0.05128205128205128,0.05128205128205128,0.02564102564102564,Other,0.3684210526315789,2.449704213718955,3.3846153846153846,2.230769230769231,4.545454545454546,3.515151515151515,0,3.606060606060606,NL,Magnifying glass
makeupbrush04.jpg,Makeup brush,0.45161290322580644,2.2276721214294533,0,0.18421052631578946,0,Bathroom items,0.8333333333333334,1.0573868386605927,3.823529411764706,2.3055555555555554,4,3.757575757575758,0,3.3333333333333335,NL,Makeup brush
mascarabrush.jpg,Mascara brush,0.2647058823529412,3.015537194959914,0,0.10256410256410256,0.02564102564102564,Bathroom items,0.8918918918918919,0.710399151066005,4.184210526315789,2.3157894736842106,4.2727272727272725,3.8484848484848486,0,3.757575757575758,NL,Mascara brush
mask02a.jpg,Mask,0.4838709677419355,2.805700860898882,0.05263157894736842,0.13157894736842105,0,Decoration,0.7714285714285715,1.2979800686370568,3.4444444444444446,3.138888888888889,2.696969696969697,2.757575757575758,0,2.6363636363636362,NL,Mask
match.jpg,Match,0.9230769230769231,0.46188170471037016,0,0,0,Other,0.3783783783783784,2.134492630405289,4.410256410256411,1.8974358974358974,4.606060606060606,3.696969696969697,0,3.8484848484848486,NL,Match
measuringcup01.jpg,Measuring cup,0.9459459459459459,0.3574288901404681,0,0.05128205128205128,0,Kitchen item,0.9230769230769231,0.3923267506802409,4.256410256410256,2.5384615384615383,4.333333333333333,3.9393939393939394,0,2.242424242424242,NL,Measuring cup
measuringspoon.jpg,Spoon,0.24324324324324326,3.0319283648103403,0,0.05128205128205128,0,Kitchen item,1,0.03651381553613314,4.102564102564102,1.9230769230769231,3.3636363636363638,3.515151515151515,0,2.6363636363636362,NL,Spoon
measuringtape01.jpg,Measuring tape,0.7777777777777778,1.1667107563884274,0,0.05128205128205128,0.02564102564102564,Tool,0.9230769230769231,0.4953943262485029,4.076923076923077,2.641025641025641,4.212121212121212,3.5757575757575757,0,3.3636363636363638,NL,Measuring tape
mechanicalpencil02.jpg,Pencil,0.5405405405405406,1.7162858736040585,0,0,0.02631578947368421,School supply,1,0,4.447368421052632,2.3421052631578947,4.03030303030303,3.4242424242424243,0,2.8181818181818183,NL,Pencil
medal02b.jpg,Medal,0.8918918918918919,0.6563450970119509,0,0.02631578947368421,0,Sport,0.4864864864864865,2.08183510508667,3.7837837837837838,2.111111111111111,4.0606060606060606,3.909090909090909,0,2.3636363636363638,NL,Medal
melbatoast.jpg,Melba toast,0.42857142857142855,2.4870641050862514,0,0.05128205128205128,0.05128205128205128,Food,0.9487179487179487,0.3431003078809371,4.230769230769231,2.230769230769231,4.066666666666666,3.6333333333333333,3,1.2666666666666666,NL,Melba toast
metalscissors.jpg,Scissors,0.3333333333333333,3.3606510039239925,0,0.1282051282051282,0.02564102564102564,Tool,0.8378378378378378,0.9819892782266657,3.0526315789473686,2.5,3.121212121212121,3.606060606060606,0,2.727272727272727,NL,Scissors
metronome.jpg,Metronome,0.6190476190476191,2.00633093059618,0.13157894736842105,0.2631578947368421,0.05263157894736842,Music,0.6071428571428571,1.9868921977573732,3.40625,3.21875,3.88,4.04,8,2.64,NL,Metronome
microscope.jpg,Microscope,0.972972972972973,0.1792560669283214,0,0,0.05128205128205128,Medical,0.5897435897435898,1.7159759352538932,3.8421052631578947,3.5641025641025643,4.696969696969697,4.696969696969697,0,3.5454545454545454,NL,Microscope
milkcontainer.jpg,Milk container,0.2702702702702703,3.396113259418116,0,0.05128205128205128,0,Kitchen item,0.6153846153846154,1.3095393976837453,4.153846153846154,2.5384615384615383,3.242424242424242,3.5454545454545454,0,2.0606060606060606,NL,Milk container
mirror.jpg,Mirror,0.5517241379310345,2.2541956501507814,0.1282051282051282,0.1282051282051282,0,Decoration,0.6176470588235294,1.9615536576867791,3.1142857142857143,3.4594594594594597,2.393939393939394,2.212121212121212,0,2.515151515151515,NL,Mirror
mitten04.jpg,Mitten *,0.6666666666666666,1.178079113151851,0,0,0,Cloth,0.7894736842105263,1.0442691753756908,4.2894736842105265,2.282051282051282,3.59375,3.46875,1,2.6875,NL,Mitten
mixer01d.jpg,Mixer,0.35294117647058826,2.24419712174866,0,0.10256410256410256,0.02564102564102564,Kitchen item,0.8717948717948718,0.7282580110500685,3.871794871794872,3.282051282051282,4,3.34375,0,2.5,NL,Mixer
moccasin.jpg,Moccasin,0.45714285714285713,2.9934290883117236,0,0.07692307692307693,0.02564102564102564,Cloth,0.9230769230769231,0.5131637559924214,3.5,2.8684210526315788,3.466666666666667,3.6666666666666665,2,1.6333333333333333,NL,Moccasin
monitor.jpg,Monitor,0.4473684210526316,2.217970861978875,0,0,0,Electronic,0.9743589743589743,0.2756301098965927,4.512820512820513,2.923076923076923,4.515151515151516,3.5757575757575757,0,2.242424242424242,NL,Monitor
mousetrap.jpg,Mouse trap,0.9393939393939394,0.32984607020714635,0.02631578947368421,0.07894736842105263,0.02631578947368421,Household article,0.5,1.5421603001049176,3.3076923076923075,2.8684210526315788,4.636363636363637,4.363636363636363,0,2.606060606060606,NL,Mouse trap
muffintin02.jpg,Muffin tin,0.22580645161290322,3.6909298762342884,0.05128205128205128,0.07692307692307693,0.07692307692307693,Kitchen item,0.7777777777777778,1.2054302080729158,4.026315789473684,2.210526315789474,3.787878787878788,3.9393939393939394,0,1.4848484848484849,NL,Muffin tin
nail.jpg,Nail *,0.7777777777777778,1.0000440897217608,0,0.02564102564102564,0.05128205128205128,Tool,0.5128205128205128,1.2924800620261074,4.153846153846154,2.3846153846153846,4.0606060606060606,3.3333333333333335,0,2.8484848484848486,NL,Nail
nailclipper03b.jpg,Nail clipper,0.8611111111111112,0.8482559563869474,0,0.05128205128205128,0.02564102564102564,Bathroom items,0.868421052631579,0.6765345278574656,4.358974358974359,2.58974358974359,4.71875,3.8125,0,3.878787878787879,NL,Nail clipper
nailpolish03b.jpg,Nail polish,0.8055555555555556,1.2009958664784346,0.02564102564102564,0.05128205128205128,0,Bathroom items,0.868421052631579,0.6765345278574656,4.076923076923077,2.3076923076923075,3.90625,4.0625,0,3.6875,NL,Nail polish
necklace.jpg,Necklace *,0.8285714285714286,0.9898130495535494,0,0.05263157894736842,0,Jewel,0.5384615384615384,1.8039224260002034,4.153846153846154,2.4615384615384617,3.5454545454545454,3.606060606060606,0,3.3333333333333335,NL,Necklace
notebook03a.jpg,Notebook,0.6052631578947368,2.2269587636679335,0,0.02564102564102564,0,School supply,0.9487179487179487,0.3431003078809371,4.333333333333333,2.1052631578947367,3.909090909090909,3.121212121212121,0,2.787878787878788,NL,Notebook
number3.jpg,Number 3,0.2,4.0980685120588385,0.05128205128205128,0.1794871794871795,0,Toy,0.7297297297297297,1.3464625266661314,3.135135135135135,1.8108108108108107,3.642857142857143,3.5357142857142856,4,1.6206896551724137,NL,Number 3
nutcraker.jpg,Nutcracker,0.9310344827586207,0.43101676897537733,0.1282051282051282,0.1282051282051282,0,Kitchen item,0.7878787878787878,1.0757177504544577,3.4324324324324325,2.361111111111111,3.5454545454545454,3.75,0,3,NL,Nutcracker
orangejuice.jpg,Orange juice,0.3333333333333333,3.09650885310137,0,0,0,Food,0.7948717948717948,1.1229670105505407,4.102564102564102,2.1538461538461537,3.8484848484848486,3.878787878787879,0,1.606060606060606,NL,Orange juice
overalls.jpg,Overalls,0.38235294117647056,3.297445081309231,0,0.10256410256410256,0.02564102564102564,Cloth,0.9459459459459459,0.3574288901404681,3.736842105263158,2.717948717948718,3.5161290322580645,2.4838709677419355,2,1.8064516129032258,NL,Overalls
pacifier02d.jpg,Pacifier,0.36666666666666664,2.9437545839367454,0.02564102564102564,0.05,0.15384615384615385,Other,0.47058823529411764,1.8900989652493985,3.7777777777777777,2.6666666666666665,3.875,3.53125,1,3.3125,NL,Pacifier
paintbrush01.jpg,Paint brush *,0.918918918918919,0.4059770384755711,0,0.05128205128205128,0,Tool,0.7368421052631579,1.5009596825483038,4.081081081081081,2.4864864864864864,4.090909090909091,3.606060606060606,0,3.515151515151515,NL,Paint brush
paintcan.jpg,Paint can,0.5897435897435898,1.76421920592749,0,0,0,Tool,0.6111111111111112,1.6160940044207264,3.8205128205128207,2.5384615384615383,4.363636363636363,4.46875,0,2.3125,NL,Paint can
paintroller01.jpg,Paint roller,0.7714285714285715,1.2110873009284773,0,0.07692307692307693,0.02564102564102564,Tool,0.8717948717948718,0.8302635481522171,3.871794871794872,2.282051282051282,4.424242424242424,3.787878787878788,0,3.696969696969697,NL,Paint roller
painttray.jpg,Paint tray,0.3939393939393939,2.9725644574698293,0,0.15384615384615385,0,Tool,0.631578947368421,1.753348894510132,3.473684210526316,2.358974358974359,3.9696969696969697,4,0,2.3333333333333335,NL,Paint tray
pants.jpg,Pants *,0.7948717948717948,1.1229670105505407,0,0,0,Cloth,1,0.03651381553613314,4.717948717948718,1.564102564102564,4.090909090909091,3.7419354838709675,0,3.806451612903226,NL,Pants
paperclip01b.jpg,Paper clip,0.5,2.4835323769877324,0,0.05128205128205128,0.02564102564102564,School supply,0.9230769230769231,0.46188170471037016,4.076923076923077,2.128205128205128,3.212121212121212,3.5454545454545454,0,2.090909090909091,NL,Paper clip
papertowel.jpg,Paper towel,0.39473684210526316,2.24353588861556,0,0,0,Household article,0.45714285714285713,1.964400161711624,4.25,1.7714285714285714,4,4.242424242424242,0,2.515151515151515,NL,Paper towel
partyhat.jpg,Party hat,0.7297297297297297,1.3718424728492076,0,0.05128205128205128,0,Toy,0.4358974358974359,1.5659552504490808,3.8461538461538463,2.6153846153846154,4,4.40625,1,2.78125,NL,Party hat
pasta03a.jpg,Pasta,0.6176470588235294,2.021619727181105,0,0.10256410256410256,0.02564102564102564,Food,0.972972972972973,0.21663285323157752,4.394736842105263,2.1578947368421053,2.909090909090909,3.1515151515151514,0,1.8484848484848484,NL,Pasta
PDA.jpg,PDA,0.25806451612903225,3.2406667788138503,0,0.20512820512820512,0,Electronic,0.8378378378378378,0.9040383496841529,3.0526315789473686,2.973684210526316,3.782608695652174,3.16,10,2,NL,PDA
peeler01.jpg,Peeler,0.3939393939393939,2.3147006409684145,0,0.1282051282051282,0.02564102564102564,Kitchen item,0.9487179487179487,0.3431003078809371,4,2.5,4.5,3.84375,0,3.03125,NL,Peeler
pencilcase.jpg,Pencil case,0.7222222222222222,1.330718538340412,0,0.05128205128205128,0.02564102564102564,School supply,0.7948717948717948,1.2255311131146431,3.9743589743589745,2.358974358974359,2.838709677419355,2.9375,1,2.28125,NL,Pencil case
pencilsharpener02a.jpg,Pencil sharpener,0.6666666666666666,1.0562347841557007,0,0.05128205128205128,0.02564102564102564,School supply,0.9487179487179487,0.44360880196229213,4.3076923076923075,2.4871794871794872,3.909090909090909,4.0606060606060606,0,3.4242424242424243,NL,Pencil sharpener
peppermill02b.jpg,Pepper mill,0.3939393939393939,2.688115307533077,0.02564102564102564,0.10256410256410256,0.02564102564102564,Kitchen item,0.8055555555555556,0.9923910052471311,3.948717948717949,2.6153846153846154,4.424242424242424,4.424242424242424,0,3.1818181818181817,NL,Pepper mill
perfume01a.jpg,Perfume,0.5384615384615384,2.0187374666293216,0,0,0,Bathroom items,0.6666666666666666,1.7108405098821204,4.2105263157894735,2.3947368421052633,4.035714285714286,4.111111111111111,0,3.4074074074074074,NL,Perfume
petcarrier.jpg,Animal cage,0.21621621621621623,4.033513500647142,0,0.05128205128205128,0,Other,0.7837837837837838,1.0195927021459548,3.5789473684210527,3.210526315789474,4.212121212121212,4.363636363636363,0,2.4545454545454546,NL,Animal cage
pictureframe04.jpg,Picture frame,0.7142857142857143,1.2875420820601549,0.02631578947368421,0,0.05263157894736842,Decoration,0.7435897435897436,1.3201143332561296,4.205128205128205,2.41025641025641,4.125,3.787878787878788,0,2.090909090909091,NL,Picture frame
piggybank.jpg,Piggy bank,0.7575757575757576,1.2610216270393146,0.10256410256410256,0,0.05128205128205128,Toy,0.2702702702702703,2.3081688103450397,3.8055555555555554,2.675675675675676,3.6875,3.75,0,2.5,NL,Piggy bank
pill.jpg,Pill,0.717948717948718,1.218583300461917,0,0,0,Medical,0.5789473684210527,1.6866965513674232,4,1.8918918918918919,3.84375,3.65625,0,2.6875,NL,Pill
pillbottle.jpg,Pills,0.5897435897435898,1.7971477319568303,0,0,0,Medical,0.6842105263157895,1.597694720332225,3.8974358974358974,2.717948717948718,4.333333333333333,4.454545454545454,0,2.5757575757575757,NL,Pills
pillow01a.jpg,Pillow,0.8421052631578947,0.7318843430636693,0,0,0,Household article,0.3333333333333333,2.070549651445363,4.435897435897436,2.41025641025641,3.121212121212121,3.6363636363636362,0,3.4545454545454546,NL,Pillow
pingpongracket.jpg,Ping-pong racket,0.3783783783783784,2.4496802787105665,0,0,0.05128205128205128,Sport,0.7692307692307693,0.7793498372920851,3.923076923076923,2,4.65625,4,1,3.65625,NL,Ping-pong racket
pitabread.jpg,Pita bread,0.6842105263157895,1.726320325388185,0,0,0,Food,0.9230769230769231,0.4953943262485029,4.2894736842105265,2.1052631578947367,4.333333333333333,4.242424242424242,0,1.7272727272727273,NL,Pita bread
pitcher02b.jpg,Pitcher *,0.35135135135135137,3.41565934286342,0,0.02631578947368421,0,Kitchen item,0.8205128205128205,1.1108131508436612,4.3076923076923075,2.4615384615384617,3.3666666666666667,3.7096774193548385,3,2.566666666666667,NL,Pitcher
pizza.jpg,Pizza,0.8974358974358975,0.6309174600654835,0,0,0,Food,0.9743589743589743,0.17203694935311384,4.358974358974359,2.5128205128205128,4.035714285714286,4.392857142857143,0,2.6666666666666665,NL,Pizza
plasticbasket01a.jpg,Basket,0.6666666666666666,2.0021722231837633,0,0.07692307692307693,0,Household article,0.5,2.0971334933361643,3.948717948717949,2.1794871794871793,2.9393939393939394,3.1515151515151514,0,2.1515151515151514,NL,Basket
plate01b.jpg,Plate,0.918918918918919,0.4804334574529622,0,0,0,Kitchen item,0.9743589743589743,0.17203694935311384,4.641025641025641,1.7179487179487178,4.242424242424242,3.8484848484848486,0,2.3636363636363638,NL,Plate
playingcard04.jpg,Playing card,0.5897435897435898,1.2509177599361518,0,0,0,Toy,0.9230769230769231,0.5466763775305541,4.435897435897436,2,4.212121212121212,4.3125,0,3.272727272727273,NL,Playing card
pliers02b.jpg,Pliers *,0.8518518518518519,0.9014828729297166,0,0.2564102564102564,0.02564102564102564,Tool,0.9487179487179487,0.4111532437135734,3.769230769230769,2.7435897435897436,4.151515151515151,3.757575757575758,1,2.625,NL,Pliers
plugs.jpg,Plugs,0.3448275862068966,3.174225083978937,0,0.1794871794871795,0.07692307692307693,Electronic,0.7837837837837838,1.1443044530854805,4.135135135135135,2.5675675675675675,3.1515151515151514,3,0,2.212121212121212,NL,Plugs
plunger02.jpg,Plunger,0.8387096774193549,1.0118920306556365,0.05128205128205128,0.1282051282051282,0.02564102564102564,Household article,0.5128205128205128,1.8015612362770859,3.948717948717949,1.9487179487179487,4.71875,4.03125,1,3.125,NL,Plunger
pot01.jpg,Pot,0.3448275862068966,3.1607644106836545,0.05263157894736842,0.15789473684210525,0.02631578947368421,Decoration,0.5757575757575758,1.6586313083256656,3.257142857142857,2.6944444444444446,2.787878787878788,3.696969696969697,0,2.0606060606060606,NL,Pot
potatomasher03b.jpg,Potato masher,0.4666666666666667,1.8643193502804003,0.02564102564102564,0.20512820512820512,0,Kitchen item,0.9736842105263158,0.17556502585750272,3.769230769230769,2.1538461538461537,4.303030303030303,3.212121212121212,0,2.3636363636363638,NL,Potato masher
powercable.jpg,Cables,0.23684210526315788,3.812945276259879,0,0.02564102564102564,0,Electronic,0.7837837837837838,1.0775223153938258,4.184210526315789,2.1842105263157894,3.303030303030303,3.65625,0,1.9696969696969697,NL,Cables
printer02.jpg,Printer,0.8717948717948718,0.8501782034132341,0,0,0,Electronic,0.6578947368421053,1.0819649466171328,4.394736842105263,3.3947368421052633,4.121212121212121,4.212121212121212,0,2.121212121212121,NL,Printer
propanetank.jpg,Propane tank,0.45454545454545453,2.613697167583769,0,0.07894736842105263,0.05263157894736842,Other,0.3333333333333333,2.4744354736865217,3.864864864864865,2.6944444444444446,4.709677419354839,4.645161290322581,2,1.71875,NL,Propane tank
protractor.jpg,Protractor,0.4642857142857143,2.531806464547925,0,0.15789473684210525,0.10526315789473684,School supply,0.9743589743589743,0.2075771740639564,3.6153846153846154,2.4615384615384617,4.3076923076923075,4.222222222222222,6,1.7142857142857142,NL,Protractor
puzzlepiece.jpg,Puzzle piece,0.7631578947368421,1.277363069793596,0,0.02564102564102564,0,Toy,0.9473684210526315,0.38548453695628504,4.342105263157895,2.736842105263158,4.090909090909091,3.757575757575758,0,1.9393939393939394,NL,Puzzle piece
pylon.jpg,Pylon,0.45161290322580644,2.5165307808611694,0.02564102564102564,0.1794871794871795,0,Other,0.4473684210526316,2.067721725999654,3.864864864864865,1.8108108108108107,4.575757575757576,4.575757575757576,0,2.0606060606060606,NL,Pylon
qtip.jpg,Q-Tip,0.7222222222222222,1.4764161077247604,0,0.02631578947368421,0.02631578947368421,Bathroom items,0.9230769230769231,0.4953943262485029,4.512820512820513,1.8717948717948718,4.3125,3.757575757575758,1,3.606060606060606,NL,Q-Tip
radio01.jpg,Radio,0.2972972972972973,3.079490249218849,0,0.02631578947368421,0,Electronic,0.7948717948717948,1.264659304689815,4.368421052631579,3.1578947368421053,3.125,3.53125,1,2.375,NL,Radio
radish01.jpg,Radish,0.8648648648648649,0.7566185682731804,0,0.05128205128205128,0,Food,0.6923076923076923,1.0178199018513785,4.051282051282051,2.6153846153846154,4.03030303030303,3.212121212121212,0,1.3333333333333333,NL,Radish
rattle.jpg,Toy,0.32,3.1394705707972514,0.08823529411764706,0.20588235294117646,0,Toy,0.8125,0.9698024945677542,3.054054054054054,3.0789473684210527,2.2758620689655173,2.2758620689655173,3,1.3793103448275863,NL,Toy
razor01.jpg,Razor,0.7222222222222222,1.511002565997997,0.02631578947368421,0,0.02631578947368421,Bathroom items,0.972972972972973,0.2528954376892351,4.324324324324325,2.4594594594594597,3.727272727272727,3.28125,0,3.65625,NL,Razor
rearviewmirror.jpg,Rearview mirror,0.41935483870967744,2.0727447850737195,0.08571428571428572,0.02857142857142857,0,Other,0.7575757575757576,1.1687672597860281,3.6666666666666665,2.303030303030303,4.0606060606060606,3.212121212121212,0,2.6363636363636362,NL,Rearview mirror
reflector.jpg,Reflector,0.25925925925925924,3.2303964110993895,0.18421052631578946,0.07894736842105263,0.02631578947368421,Sport,0.5625,1.8215582974885982,3.53125,2.129032258064516,3.484848484848485,3.121212121212121,0,1.4545454545454546,NL,Reflector
relish.jpg,Relish,0.6060606060606061,1.829544229899348,0.10526315789473684,0.02631578947368421,0,Food,0.8888888888888888,0.6699250014423124,3.7777777777777777,2.2222222222222223,3.09375,3.09375,1,1.40625,NL,Relish
remotecontrol04.jpg,Remote control,0.6388888888888888,1.2228229793778242,0,0.02702702702702703,0,Electronic,0.8717948717948718,0.7676796603816498,4.384615384615385,3.1794871794871793,4.354838709677419,3.774193548387097,1,3.5806451612903225,NL,Remote control
ribbon03a.jpg,Lace,0.5384615384615384,2.2657101447254586,0.05128205128205128,0.2564102564102564,0.02564102564102564,Decoration,0.6756756756756757,1.1598538217646828,3.27027027027027,2.4054054054054053,2.903225806451613,2.78125,2,1.40625,NL,Lace
ribbon04.jpg,Ribbon,0.7714285714285715,1.3469412295617194,0,0.07692307692307693,0.02564102564102564,Decoration,0.8461538461538461,0.8438664896060322,3.8205128205128207,2.1025641025641026,3.1818181818181817,3.0606060606060606,0,1.8181818181818181,NL,Ribbon
ring01.jpg,Ring *,1,0,0,0,0,Jewel,0.7297297297297297,1.5019605245878274,4.3076923076923075,2.2051282051282053,3.84375,3.75,0,3.225806451612903,NL,Ring
rock01a.jpg,Rock,0.6388888888888888,1.3762791680453095,0.02631578947368421,0.02631578947368421,0,Natural,0.7027027027027027,1.4345780659911835,4.105263157894737,2.289473684210526,3.8181818181818183,3.757575757575758,0,2.272727272727273,NL,Rock
rollingpin01a.jpg,Rolling pin *,0.8214285714285714,1.091571886725058,0,0.23076923076923078,0.05128205128205128,Kitchen item,1,0,3.8461538461538463,2.076923076923077,4.419354838709677,4.064516129032258,1,3.5806451612903225,NL,Rolling pin
rope03.jpg,Rope,0.8611111111111112,1.0252939495463247,0,0.05128205128205128,0.02564102564102564,Tool,0.43243243243243246,2.2670002466214676,3.8684210526315788,2.6052631578947367,3.8484848484848486,3.606060606060606,0,2.757575757575758,NL,Rope
rubberband01.jpg,Rubber band,0.38235294117647056,1.856453361906556,0.07894736842105263,0.02631578947368421,0,School supply,0.4722222222222222,1.9255983683835427,3.9722222222222223,1.5405405405405406,4.363636363636363,4.242424242424242,0,2.757575757575758,NL,Rubber band
rubberglove02b.jpg,Glove,0.41025641025641024,2.412229198220959,0,0,0,Household article,0.717948717948718,1.3384271603041378,4.157894736842105,1.8421052631578947,4.2727272727272725,3.696969696969697,0,2.5454545454545454,NL,Glove
rug.jpg,Rug,0.3055555555555556,2.8704026748253444,0,0.05263157894736842,0,Household article,0.43243243243243246,2.219475244464337,4.054054054054054,2.5135135135135136,2.727272727272727,2.8181818181818183,0,2.0303030303030303,NL,Rug
ruler05.jpg,Ruler *,1,0,0,0,0,School supply,0.9487179487179487,0.3431003078809371,4.384615384615385,2.051282051282051,4.454545454545454,4.333333333333333,0,3.0606060606060606,NL,Ruler
safetypin.jpg,Safety pin,0.6666666666666666,1.5755449197638831,0,0.07894736842105263,0.05263157894736842,Other,0.2631578947368421,2.6035581474191702,4.17948717948718,1.9487179487179487,4.4375,4,1,2.1875,NL,Safety pin
sand.jpg,Sand,0.43243243243243246,2.397189911439483,0.02564102564102564,0.02564102564102564,0,Natural,0.6052631578947368,1.671184672121519,3.641025641025641,2.5384615384615383,3.6666666666666665,3.727272727272727,0,1.6363636363636365,NL,Sand
sandal.jpg,Sandal,0.9230769230769231,0.46188170471037016,0,0,0,Cloth,0.8205128205128205,0.8688014363080618,4.342105263157895,2.4210526315789473,3.6666666666666665,3.6363636363636362,0,2.212121212121212,NL,Sandal
saw02b.jpg,Saw *,0.8857142857142857,0.5127091420308771,0,0.125,0,Tool,0.8947368421052632,0.6433554975880186,3.710526315789474,2.1621621621621623,4.303030303030303,3.34375,0,3.9696969696969697,NL,Saw
scarf.jpg,Scarf,0.9473684210526315,0.2974722489192896,0,0.02564102564102564,0,Cloth,0.8918918918918919,0.7846084380285339,4.526315789473684,2.076923076923077,3.8181818181818183,3.212121212121212,0,3.242424242424242,NL,Scarf
scotchtape.jpg,Scotch tape,0.43243243243243246,1.7877409620038747,0,0.05128205128205128,0,School supply,0.7894736842105263,1.2688033590158077,4.526315789473684,2.135135135135135,3.375,3.5625,0,2.4516129032258065,NL,Scotch tape
screw02.jpg,Screw *,1,0,0,0.05128205128205128,0.05128205128205128,Tool,0.717948717948718,1.242649275855174,3.7948717948717947,2.5128205128205128,4.03030303030303,3.4516129032258065,0,2.533333333333333,NL,Screw
screwdriver04b.jpg,Screwdriver *,0.9459459459459459,0.30337483608641397,0,0.05128205128205128,0,Tool,0.9230769230769231,0.5592172805182558,4.128205128205129,2.3333333333333335,4.545454545454546,4.3125,0,3.53125,NL,Screwdriver
seashell.jpg,Seashell,0.5,1.8141101380160733,0,0.02564102564102564,0,Natural,0.6052631578947368,1.6158555813281796,4,3.3333333333333335,3.6363636363636362,3.484848484848485,0,2.393939393939394,NL,Seashell
sewingmachine01a.jpg,Sewing machine,0.9473684210526315,0.350103827866658,0,0.02564102564102564,0,Electronic,0.2972972972972973,2.525607387576329,3.8947368421052633,3.6486486486486487,4.575757575757576,4.2727272727272725,0,2.6363636363636362,NL,Sewing machine
shirt01.jpg,Shirt,0.4358974358974359,2.1277033321775596,0,0,0,Cloth,0.9473684210526315,0.38548453695628504,4.333333333333333,2.4358974358974357,2.9696969696969697,3.272727272727273,0,3.121212121212121,NL,Shirt
shoelace.jpg,Shoelace,0.8571428571428571,0.7303800063615657,0,0.05128205128205128,0.05128205128205128,Cloth,0.7948717948717948,1.1043280196094045,4.2631578947368425,1.868421052631579,4.151515151515151,3.8484848484848486,0,3.121212121212121,NL,Shoelace
shorts.jpg,Shorts,0.7435897435897436,1.4679291712032843,0,0,0,Cloth,0.9487179487179487,0.32635857089338943,4.384615384615385,2.58974358974359,3.484848484848485,3.1515151515151514,0,2.757575757575758,NL,Shorts
shovel02a.jpg,Shovel,0.45454545454545453,2.4306109863726655,0,0.07692307692307693,0.07692307692307693,Toy,0.6842105263157895,1.5412404802294106,3.58974358974359,1.7179487179487178,3.8125,3.787878787878788,0,2.6666666666666665,NL,Shovel
slide02.jpg,Slide,0.42857142857142855,2.568628475722633,0.02564102564102564,0.05128205128205128,0.02564102564102564,Decoration,0.32432432432432434,2.4904436647065773,3.6216216216216215,2.6486486486486487,2.806451612903226,2.6,2,1.9666666666666666,NL,Slide
slipper01b.jpg,Slipper,0.8157894736842105,0.7981943390667415,0,0,0,Cloth,0.9487179487179487,0.3776406221754407,4.153846153846154,2.128205128205128,3.3125,3.46875,0,2.25,NL,Slipper
soap03a.jpg,Soap,0.7894736842105263,0.8569221891630912,0,0.02564102564102564,0,Bathroom items,0.8157894736842105,0.9431884181279766,4.473684210526316,1.5263157894736843,3.9696969696969697,3.8484848484848486,0,3.393939393939394,NL,Soap
soapdispenser01.jpg,Soap dispenser,0.34210526315789475,3.501338596540306,0,0.02564102564102564,0,Bathroom items,0.8461538461538461,0.8119405281230441,4.17948717948718,2.7948717948717947,3.696969696969697,3.6875,0,3.125,NL,Soap dispenser
sock01a.jpg,Sock *,0.8717948717948718,0.7988961521311829,0,0,0,Cloth,0.9487179487179487,0.3431003078809371,4.487179487179487,2.0256410256410255,2.8484848484848486,2.3636363636363638,0,3.393939393939394,NL,Sock
soil.jpg,Dirt,0.3870967741935484,3.3084043746238465,0.15384615384615385,0.05128205128205128,0,Natural,0.37142857142857144,2.418980050145033,3.4705882352941178,2.4571428571428573,3.242424242424242,3.696969696969697,0,1.96875,NL,Dirt
spatula03.jpg,Spatula,0.75,1.4416882835449623,0,0.1794871794871795,0.10256410256410256,Kitchen item,0.9736842105263158,0.17556502585750272,4.358974358974359,2.128205128205128,3.7419354838709675,3.3125,2,2.5,NL,Spatula
speaker04.jpg,Speaker,0.8717948717948718,0.8501782034132341,0,0,0,Electronic,0.9743589743589743,0.24211748835845998,4.128205128205129,2.9743589743589745,3.8484848484848486,3.6666666666666665,0,2,NL,Speaker
sponge01.jpg,Sponge,0.8974358974358975,0.6309174600654835,0,0,0,Household article,0.7105263157894737,1.3534116441580468,4.256410256410256,2.2564102564102564,3.757575757575758,4.03030303030303,0,2.5454545454545454,NL,Sponge
spraybottle01.jpg,Spray bottle,0.6111111111111112,2.2015254705483116,0,0.07692307692307693,0,Household article,0.7105263157894737,1.481168301323135,3.973684210526316,2.526315789473684,3.6666666666666665,4.090909090909091,0,3.03125,NL,Spray bottle
spraycan.jpg,Spray can,0.2972972972972973,2.754109167669991,0,0.05128205128205128,0,Household article,0.35135135135135137,2.4736389922614377,3.717948717948718,2.3333333333333335,3.4375,3.9375,1,3.125,NL,Spray can
squeegee01b.jpg,Squeegee,0.5882352941176471,2.3098580795518906,0,0.10256410256410256,0.02564102564102564,Household article,0.5128205128205128,1.5431906032536018,3.641025641025641,2.230769230769231,4.580645161290323,3.6774193548387095,2,3.2903225806451615,NL,Squeegee
stapler03a.jpg,Stapler,0.9487179487179487,0.3431003078809371,0,0,0,School supply,0.8974358974358975,0.6309174600654837,4.487179487179487,2.3076923076923075,4.393939393939394,4.25,0,3.46875,NL,Stapler
stapleremover.jpg,Staple remover,0.8064516129032258,1.0557675282406949,0,0.18421052631578946,0,School supply,0.9230769230769231,0.5131637559924214,4.153846153846154,2.6666666666666665,4.666666666666667,4,0,2.3636363636363638,NL,Staple remover
staples.jpg,Staples,0.972972972972973,0.1792560669283214,0,0.05128205128205128,0,School supply,0.8974358974358975,0.6309174600654835,4.447368421052632,2.0526315789473686,4.0606060606060606,3.3636363636363638,0,2.0303030303030303,NL,Staples
statue01.jpg,Statue,0.34285714285714286,3.179602132444179,0,0.10256410256410256,0,Decoration,0.7777777777777778,1.0996263814084597,3.111111111111111,3.4864864864864864,3.3793103448275863,3.6296296296296298,2,1.3793103448275863,NL,Statue
strainer01b.jpg,Strainer,0.6923076923076923,1.5827993325271836,0,0.21052631578947367,0.10526315789473684,Kitchen item,0.918918918918919,0.5344875115070162,4.243243243243243,2.263157894736842,3.935483870967742,3.4516129032258065,1,2.193548387096774,NL,Strainer
straw.jpg,Straw,0.8333333333333334,1.0370104374629148,0.10526315789473684,0.10526315789473684,0,Kitchen item,0.5675675675675675,1.8132681088811973,3.710526315789474,1.763157894736842,3.96875,3.75,1,3.71875,NL,Straw
styrofoamcup.jpg,Styrofoam cup,0.47368421052631576,2.123976606065563,0,0,0.02564102564102564,Kitchen item,0.8205128205128205,0.9142450825727048,4.3076923076923075,1.7692307692307692,4.909090909090909,4.757575757575758,0,1.8484848484848484,NL,Styrofoam cup
suitcase.jpg,Suitcase *,0.5789473684210527,1.5814333934726863,0,0,0.02564102564102564,Other,0.7105263157894737,1.4726071134246632,4.2368421052631575,2.710526315789474,3.212121212121212,2.9393939393939394,0,2.787878787878788,NL,Suitcase
sunglasses04.jpg,Sunglasses,0.8974358974358975,0.560279318984369,0,0,0,Cloth,0.3684210526315789,1.9869402278537414,4.461538461538462,2.41025641025641,4,3.909090909090909,0,3.5757575757575757,NL,Sunglasses
swimgoggles.jpg,Goggles,0.6216216216216216,1.5526141786518866,0,0,0.05128205128205128,Sport,0.8717948717948718,0.7282580110500685,3.6842105263157894,2.6578947368421053,3.9696969696969697,4.2727272727272725,0,3.1818181818181817,NL,Goggles
syringe01.jpg,Syringe,0.6111111111111112,1.3898787775240447,0,0,0.05263157894736842,Medical,0.8717948717948718,0.860509797382133,3.9743589743589745,2.7948717948717947,4.3125,3.78125,0,3.90625,NL,Syringe
tambourine.jpg,Tambourine,0.9,0.5608251769947303,0,0.1282051282051282,0.10256410256410256,Music,0.8205128205128205,0.9941922914904862,3.8974358974358974,2.2564102564102564,4.090909090909091,4.03030303030303,0,3.303030303030303,NL,Tambourine
tampon.jpg,Tampon,0.9411764705882353,0.3815804883091629,0.02564102564102564,0.05128205128205128,0.05128205128205128,Bathroom items,0.7894736842105263,0.7424875695421235,3.5641025641025643,2.3076923076923075,4.15625,3.71875,1,2.84375,NL,Tampon
tape02a.jpg,Tape,0.5405405405405406,2.291930746653972,0,0.02631578947368421,0,Tool,0.6052631578947368,1.9740734880248598,3.736842105263158,1.9230769230769231,3.4242424242424243,3.46875,0,2.78125,NL,Tape
taperecorder.jpg,Tape recorder,0.4473684210526316,2.7781539271842153,0,0,0.02564102564102564,Electronic,0.8717948717948718,0.8928776046824836,3.7567567567567566,3.3684210526315788,4.03030303030303,3.787878787878788,0,2.909090909090909,NL,Tape recorder
teabag.jpg,Tea bag,0.9487179487179487,0.3431003078809371,0,0,0,Food,0.9230769230769231,0.4953943262485029,4.435897435897436,2.41025641025641,4.454545454545454,4.090909090909091,0,2.8484848484848486,NL,Tea bag
teapot.jpg,Teapot,0.8571428571428571,0.7875228635044228,0,0.05263157894736842,0.02631578947368421,Kitchen item,0.6923076923076923,1.3688255384772758,4.102564102564102,2.58974358974359,3.606060606060606,3.9375,0,2.84375,NL,Teapot
teddybear02b.jpg,Teddy bear,0.717948717948718,1.4337207241943066,0,0,0,Toy,0.8918918918918919,0.6902789503416809,4.076923076923077,2.973684210526316,4.03125,4.21875,1,2.25,NL,Teddy bear
telephone01b.jpg,Telephone *,0.5128205128205128,1.8633993494673478,0,0,0,Electronic,0.8461538461538461,0.8119405281230441,4.717948717948718,3.128205128205128,3.4242424242424243,2.484848484848485,0,4.090909090909091,NL,Telephone
tennisball01b.jpg,Tennis ball,0.9487179487179487,0.2918182565988859,0,0,0,Sport,0.7948717948717948,0.8984827156232722,4.2368421052631575,1.868421052631579,4.757575757575758,4.787878787878788,0,3.5757575757575757,NL,Tennis ball
thermometer02b.jpg,Thermometer,0.9736842105263158,0.17556502585750272,0,0.02564102564102564,0,Other,0.3611111111111111,2.312686005942377,4.054054054054054,2.6842105263157894,3.65625,2.8484848484848486,0,1.7575757575757576,NL,Thermometer
thermos.jpg,Thermos,0.5714285714285714,1.9946803684089087,0.15384615384615385,0.1282051282051282,0,Kitchen item,0.30303030303030304,2.535515329018669,2.9722222222222223,2.6944444444444446,3.3333333333333335,4.03030303030303,0,2.0303030303030303,NL,Thermos
thimble.jpg,Thimble *,0.8148148148148148,1.1212765536441893,0.02631578947368421,0.2631578947368421,0,Other,0.5714285714285714,2.1520134812600125,3.3142857142857145,2.2777777777777777,4.419354838709677,2.8,2,2.5161290322580645,NL,Thimble
thread02.jpg,Thread *,0.6470588235294118,1.6239634275908166,0,0.07692307692307693,0.05128205128205128,Other,0.42105263157894735,2.1677498437294482,3.769230769230769,2.1794871794871793,3.6875,3.59375,1,2.4375,NL,Thread
thumbtack02a.jpg,Thumbtack,0.3870967741935484,2.1458527611623066,0,0.10256410256410256,0.10256410256410256,School supply,0.7692307692307693,1.1315074729277677,4.205128205128205,1.7179487179487178,3.7333333333333334,3.566666666666667,3,2.2,NL,Thumbtack
tile.jpg,Tile,0.90625,0.5974547231656377,0.07894736842105263,0.07894736842105263,0,Building material,0.5945945945945946,1.9727241746985777,3.6315789473684212,2,4.32258064516129,4.161290322580645,2,1.8064516129032258,NL,Tile
toast.jpg,Toast,0.7435897435897436,1.2240887864769527,0,0,0,Food,1,0.0720540402469757,4.589743589743589,2.5128205128205128,4.59375,4.354838709677419,0,2.2580645161290325,NL,Toast
toaster.jpg,Toaster *,0.972972972972973,0.1792560669283214,0,0,0.02631578947368421,Kitchen item,0.868421052631579,0.5617526078313281,4.473684210526316,2.9473684210526314,4.666666666666667,4.25,0,2.6666666666666665,NL,Toaster
toiletpaper01a.jpg,Toilet paper,0.9210526315789473,0.5235878925732215,0,0,0,Bathroom items,0.717948717948718,1.1265127370607941,4.794871794871795,2.230769230769231,4.606060606060606,3.909090909090909,0,3.4545454545454546,NL,Toilet paper
tomatojuice.jpg,Tomato juice,0.4166666666666667,3.0210848226564435,0.02631578947368421,0.02631578947368421,0,Food,0.6944444444444444,1.4471134112208148,3.6052631578947367,2.1842105263157894,3.878787878787879,3.878787878787879,0,1.303030303030303,NL,Tomato juice
tongs01b.jpg,Tongs,0.7916666666666666,1.2220198859116511,0.05128205128205128,0.2564102564102564,0.07692307692307693,Kitchen item,0.8974358974358975,0.7819732711041252,4,1.9487179487179487,3.3125,3.53125,1,2.4375,NL,Tongs
toothbrush03b.jpg,Toothbrush *,1,0,0,0,0,Bathroom items,0.9743589743589743,0.3394530641663457,4.6923076923076925,2.230769230769231,4.21875,3.8125,0,4.28125,NL,Toothbrush
toothpaste.jpg,Toothpaste,0.5675675675675675,2.4027423831210912,0,0.05128205128205128,0,Bathroom items,0.7222222222222222,1.4764161077247604,3.8947368421052633,2.6578947368421053,4.03125,3.5,0,3.303030303030303,NL,Toothpaste
toothpick02.jpg,Toothpick,0.8125,1.1183927290103628,0.10256410256410256,0.05128205128205128,0.02564102564102564,Kitchen item,0.38235294117647056,2.426573302649325,3.9166666666666665,1.4324324324324325,4.181818181818182,3.8484848484848486,0,3.9393939393939394,NL,Toothpick
tortilla.jpg,Tortilla,0.3,2.7131060113376826,0.15384615384615385,0.07692307692307693,0,Food,0.9428571428571428,0.3541606450322531,3.9714285714285715,2.25,3.7419354838709675,3.6774193548387095,2,1.8709677419354838,NL,Tortilla
towel01.jpg,Towel,0.34210526315789475,2.8075352287350355,0,0,0,Household article,0.5263157894736842,1.8484368230922068,4.342105263157895,2.128205128205128,3.9393939393939394,3.090909090909091,0,2.242424242424242,NL,Towel
toycar04.jpg,Car,0.6153846153846154,1.1791248764739932,0,0,0,Toy,0.5,1.5285494298272506,4.051282051282051,3.0256410256410255,3.8181818181818183,3.28125,0,3.757575757575758,NL,Car
toycow.jpg,Toy cow,0.5526315789473685,2.106925372466803,0,0,0,Toy,0.8717948717948718,0.7083433557890515,3.282051282051282,2.526315789473684,3.3333333333333335,3.393939393939394,0,1.4848484848484849,NL,Toy cow
toydinosaur.jpg,Toy dinosaur,0.5526315789473685,1.82127397845961,0,0,0.02564102564102564,Toy,0.8461538461538461,0.8119405281230441,3.4358974358974357,3.076923076923077,4.375,4.25,0,1.8709677419354838,NL,Toy dinosaur
toytank.jpg,Toy tank,0.5,1.9971497379786514,0,0,0.02564102564102564,Toy,0.7948717948717948,0.8981268919179581,3.1052631578947367,2.789473684210526,4.363636363636363,3.59375,0,1.6129032258064515,NL,Toy tank
toytractor01b.jpg,Toy truck,0.2564102564102564,3.112862322626336,0,0,0,Toy,0.9743589743589743,0.17203694935311384,3.769230769230769,3.1025641025641026,2.9393939393939394,3.090909090909091,0,2.0303030303030303,NL,Toy truck
tray.jpg,Tray,0.4827586206896552,2.7180549119906785,0.10526315789473684,0.10526315789473684,0.02631578947368421,Kitchen item,0.45714285714285713,1.9055995477075252,3.4324324324324325,2.2972972972972974,2.6666666666666665,3.566666666666667,1,2.4838709677419355,NL,Tray
tripod.jpg,Tripod,0.7837837837837838,1.347792585664096,0.02564102564102564,0.02564102564102564,0,Electronic,0.5789473684210527,2.075641397267841,3.871794871794872,3.2051282051282053,4.333333333333333,4.575757575757576,0,2.515151515151515,NL,Tripod
tshirt.jpg,T-shirt,0.8205128205128205,0.6789538995185758,0,0,0,Cloth,0.9743589743589743,0.17203694935311384,4.641025641025641,1.6666666666666667,4.151515151515151,3.515151515151515,0,2.878787878787879,NL,T-shirt
tube.jpg,Tube,0.5161290322580645,2.6072644554783757,0.05263157894736842,0.13157894736842105,0,Bathroom items,0.6764705882352942,1.6888834296727442,3.3142857142857145,1.9142857142857144,2.9696969696969697,2.8484848484848486,0,2.0303030303030303,NL,Tube
tupperware03a.jpg,Tupperware,0.5555555555555556,2.2824711986069173,0,0,0.02702702702702703,Kitchen item,0.8461538461538461,0.7193856441631259,4.394736842105263,2.1578947368421053,4.193548387096774,4.03125,1,2,NL,Tupperware
tuque03a.jpg,Tuque,0.39473684210526316,2.0038645293071413,0,0.02564102564102564,0,Cloth,0.8947368421052632,0.7085629074728704,4.5,2.6842105263157894,3.6129032258064515,3.4838709677419355,2,3.65625,NL,Tuque
tweezers02a.jpg,Tweezers,0.8571428571428571,0.6948053635662362,0,0.05128205128205128,0.05128205128205128,Bathroom items,0.7894736842105263,0.9659145431124672,4.315789473684211,1.864864864864865,4.516129032258065,4.258064516129032,1,3.2580645161290325,NL,Tweezers
umbrella04.jpg,Umbrella *,1,0,0,0,0,Other,0.41025641025641024,2.189123052140108,4.538461538461538,2.5128205128205128,3.272727272727273,2.3636363636363638,0,4.181818181818182,NL,Umbrella
usbkey.jpg,USB key,0.21621621621621623,3.5674293790839915,0,0.02564102564102564,0.02564102564102564,Electronic,0.9487179487179487,0.3598711924315222,4.230769230769231,2.9743589743589745,4.444444444444445,3.857142857142857,5,2.2857142857142856,NL,USB key
vase01.jpg,Vase *,0.8378378378378378,1.0045861866561625,0.02564102564102564,0.02564102564102564,0,Decoration,0.6923076923076923,1.5445884352022332,3.717948717948718,2.5384615384615383,3.6666666666666665,4.181818181818182,0,2.0606060606060606,NL,Vase
vhstape.jpg,VHS tape,0.2564102564102564,2.827749105222138,0,0,0,Electronic,0.7435897435897436,1.3007582434570661,4.3076923076923075,2.4615384615384617,4.848484848484849,4.212121212121212,0,2.242424242424242,NL,VHS tape
videocamera01a.jpg,Video camera,0.42105263157894735,2.2995301445670657,0,0,0.02564102564102564,Electronic,0.8205128205128205,1.2360728346355332,4.256410256410256,3.282051282051282,4.303030303030303,4.454545454545454,0,3.78125,NL,Video camera
violin.jpg,Violin,0.972972972972973,0.1792560669283214,0,0.02564102564102564,0.02564102564102564,Music,0.9459459459459459,0.4627409305779539,3.6216216216216215,3.236842105263158,4.848484848484849,4.575757575757576,0,4.363636363636363,NL,Violin
visegrippliers.jpg,Vise grip,0.2916666666666667,2.301098171007265,0,0.2564102564102564,0.05128205128205128,Tool,0.868421052631579,0.8466662630898069,3.236842105263158,3.0789473684210527,4.037037037037037,3.962962962962963,0,2.727272727272727,NL,Vise grip
walkman.jpg,Walkman,0.4857142857142857,2.186521779642603,0.02631578947368421,0.05263157894736842,0,Electronic,0.717948717948718,1.553681074976188,3.717948717948718,2.923076923076923,3.878787878787879,3.4838709677419355,0,2.806451612903226,NL,Walkman
wallet02a.jpg,Wallet,0.6842105263157895,1.9265740220838905,0.02564102564102564,0,0,Other,0.48717948717948717,2.240507027158304,3.8378378378378377,2.4864864864864864,3.3333333333333335,3.515151515151515,0,2.787878787878788,NL,Wallet
watch02a.jpg,Watch *,0.8717948717948718,0.6450499982850292,0,0,0,Jewel,0.358974358974359,2.3787542429433843,4.410256410256411,3.076923076923077,3.8484848484848486,3.3636363636363638,0,3.8181818181818183,NL,Watch
waterbottle01b.jpg,Water bottle,0.5384615384615384,1.9659676848307714,0,0,0,Sport,0.46153846153846156,1.72965500434628,4.205128205128205,2.1315789473684212,3.090909090909091,4.181818181818182,0,2.606060606060606,NL,Water bottle
wateringcan.jpg,Watering can *,0.5862068965517241,2.4618820881877186,0,0.1794871794871795,0.07692307692307693,Tool,0.6756756756756757,1.2955173355120848,3.9473684210526314,2.2162162162162162,4,4.242424242424242,0,3.484848484848485,NL,Watering can
weight01.jpg,Weight,0.5428571428571428,1.8722877235000408,0.02564102564102564,0.05128205128205128,0.02564102564102564,Sport,0.8421052631578947,0.9431143387698964,3.8378378378378377,2,3.5161290322580645,3.838709677419355,2,3.1666666666666665,NL,Weight
wheel01.jpg,Wheel *,0.8235294117647058,0.7870046561900534,0.02564102564102564,0.07692307692307693,0.02564102564102564,Other,0.37142857142857144,2.356527100351804,3.4473684210526314,2.4473684210526314,2.4545454545454546,2.5757575757575757,0,2.484848484848485,NL,Wheel
whisk.jpg,Whisk,0.7142857142857143,1.5504460149179358,0,0.23076923076923078,0.05128205128205128,Kitchen item,1,0.03651381553613314,3.8205128205128207,2.4871794871794872,4.633333333333334,3.933333333333333,3,2.8,NL,Whisk
winebottle01.jpg,Wine bottle,0.6842105263157895,1.1050139971135322,0,0,0,Food,0.7692307692307693,1.3376687478258629,4.435897435897436,2.282051282051282,4.484848484848484,4.454545454545454,0,2.9393939393939394,NL,Wine bottle
wineglass01.jpg,Wine glass *,0.5897435897435898,1.4633131163503208,0,0,0,Kitchen item,0.7948717948717948,1.118937601243843,4.461538461538462,2.473684210526316,4.484848484848484,4.151515151515151,0,2.878787878787879,NL,Wine glass
winerack.jpg,Wine rack,0.5757575757575758,2.0074123690628456,0.07692307692307693,0.07692307692307693,0,Decoration,0.35135135135135137,2.192818464543514,3.3846153846153846,2.5128205128205128,3.787878787878788,3.9696969696969697,0,1.8181818181818181,NL,Wine rack
wire.jpg,Wire,0.4375,2.470173332399697,0.07692307692307693,0.07692307692307693,0.02564102564102564,Electronic,0.4722222222222222,1.8916974093801848,3.2432432432432434,2.135135135135135,3.28125,3.34375,1,1.6875,NL,Wire
wood.jpg,Wood,0.3333333333333333,2.7935673619524595,0,0.05128205128205128,0.02564102564102564,Building material,0.5555555555555556,1.573866337375614,3.810810810810811,2.2162162162162162,3.6666666666666665,3.1818181818181817,0,1.5454545454545454,NL,Wood
woodenspoon.jpg,Wooden spoon,0.5428571428571428,1.9445541524423495,0,0.05128205128205128,0.05128205128205128,Kitchen item,0.8648648648648649,0.8310749872505714,4.368421052631579,2.026315789473684,4.515151515151516,3.9393939393939394,0,2.09375,NL,Wooden spoon
wrench01b.jpg,Wrench *,0.78125,1.223397117295888,0,0.1794871794871795,0,Tool,0.9743589743589743,0.2075771740639564,3.769230769230769,2.358974358974359,4.5,3.875,1,2.90625,NL,Wrench
xylophone.jpg,Xylophone,0.5,2.3042292966721747,0,0.10256410256410256,0.07692307692307693,Toy,0.5128205128205128,1.2957166428842881,3.526315789473684,2.736842105263158,3.28125,3.6875,1,3.09375,NL,Xylophone
yarn.jpg,Yarn,0.4117647058823529,2.235861271744172,0,0.05128205128205128,0.07692307692307693,Other,0.3888888888888889,2.3458278657365694,3.710526315789474,2.710526315789474,3.696969696969697,3.8484848484848486,0,2.090909090909091,NL,Yarn
ziplocbag.jpg,Plastic bag,0.3333333333333333,2.59643036910964,0.13157894736842105,0,0,Household article,0.4411764705882353,1.863259637050879,3.945945945945946,1.868421052631579,3.787878787878788,3.1818181818181817,0,2.5454545454545454,NL,Plastic bag
